"Tarih","Şimdi","Açılış","Yüksek","Düşük","Hac.","Fark %"
"30.10.2020","6,60","6,68","6,73","6,59","177,68M","-2,65%"
"28.10.2020","6,78","6,88","6,93","6,77","78,19M","-1,74%"
"27.10.2020","6,90","6,77","6,93","6,74","173,03M","1,92%"
"26.10.2020","6,77","6,97","6,98","6,77","169,66M","-4,24%"
"23.10.2020","7,07","7,09","7,12","6,98","167,83M","-0,42%"
"22.10.2020","7,10","7,53","7,60","7,10","470,49M","-5,71%"
"21.10.2020","7,53","7,58","7,61","7,46","200,61M","0,80%"
"20.10.2020","7,47","7,50","7,56","7,43","269,60M","-0,40%"
"19.10.2020","7,50","7,24","7,52","7,23","377,90M","4,46%"
"16.10.2020","7,18","7,04","7,20","7,03","177,91M","2,43%"
"15.10.2020","7,01","7,10","7,10","6,96","124,86M","-1,54%"
"14.10.2020","7,12","7,09","7,16","7,05","146,01M","0,42%"
"13.10.2020","7,09","7,14","7,15","7,07","115,31M","-0,70%"
"12.10.2020","7,14","7,13","7,22","7,10","161,74M","0,56%"
"09.10.2020","7,10","6,98","7,10","6,96","150,11M","1,87%"
"08.10.2020","6,97","7,05","7,06","6,94","116,53M","-0,57%"
"07.10.2020","7,01","7,06","7,09","6,96","234,32M","-1,41%"
"06.10.2020","7,11","7,20","7,31","7,10","299,62M","-0,97%"
"05.10.2020","7,18","7,15","7,19","7,12","106,86M","0,98%"
"02.10.2020","7,11","7,07","7,19","7,05","240,02M","-0,14%"
"01.10.2020","7,12","7,16","7,22","7,08","267,82M","0,28%"
"30.09.2020","7,10","7,05","7,13","6,98","284,16M","2,90%"
"29.09.2020","6,90","7,00","7,06","6,86","254,08M","-1,29%"
"28.09.2020","6,99","7,18","7,21","6,98","259,84M","-2,51%"
"25.09.2020","7,17","7,20","7,34","7,15","476,53M","2,28%"
"24.09.2020","7,01","6,54","7,06","6,54","607,99M","6,53%"
"23.09.2020","6,58","6,50","6,65","6,48","98,32M","1,70%"
"22.09.2020","6,47","6,49","6,55","6,44","78,08M","-0,15%"
"21.09.2020","6,48","6,66","6,69","6,44","90,63M","-2,70%"
"18.09.2020","6,66","6,70","6,73","6,63","55,21M","-0,45%"
"17.09.2020","6,69","6,68","6,72","6,65","65,73M","-0,30%"
"16.09.2020","6,71","6,76","6,79","6,71","57,79M","-0,74%"
"15.09.2020","6,76","6,79","6,81","6,72","72,27M","-0,29%"
"14.09.2020","6,78","6,82","6,83","6,77","45,71M","-0,15%"
"11.09.2020","6,79","6,85","6,88","6,78","74,14M","-0,59%"
"10.09.2020","6,83","6,78","6,91","6,75","218,41M","1,04%"
"09.09.2020","6,76","6,76","6,79","6,73","81,61M","-0,15%"
"08.09.2020","6,77","6,84","6,85","6,75","78,01M","-0,73%"
"07.09.2020","6,82","6,82","6,85","6,76","92,60M","0,29%"
"04.09.2020","6,80","6,75","6,86","6,74","105,82M","0,59%"
"03.09.2020","6,76","6,86","6,91","6,76","116,52M","-1,31%"
"02.09.2020","6,85","6,88","6,92","6,79","105,42M","-0,58%"
"01.09.2020","6,89","6,80","6,89","6,70","120,87M","1,92%"
"31.08.2020","6,76","6,92","6,93","6,76","108,33M","-2,31%"
"28.08.2020","6,92","7,02","7,03","6,87","155,52M","-1,00%"
"27.08.2020","6,99","6,97","7,06","6,93","164,76M","1,30%"
"26.08.2020","6,90","6,77","6,92","6,73","151,30M","1,92%"
"25.08.2020","6,77","7,01","7,04","6,75","134,17M","-2,73%"
"24.08.2020","6,96","7,09","7,11","6,96","101,49M","-1,69%"
"21.08.2020","7,08","7,20","7,37","7,06","252,02M","-0,84%"
"20.08.2020","7,14","7,25","7,25","7,11","150,76M","-1,92%"
"19.08.2020","7,28","7,16","7,31","7,15","176,82M","2,10%"
"18.08.2020","7,13","6,94","7,18","6,93","196,43M","2,44%"
"17.08.2020","6,96","6,78","7,01","6,76","162,00M","2,65%"
"14.08.2020","6,78","6,86","6,91","6,74","100,33M","-2,16%"
"13.08.2020","6,93","7,10","7,14","6,91","140,85M","-1,98%"
"12.08.2020","7,07","7,10","7,20","6,94","220,35M","0,28%"
"11.08.2020","7,05","6,61","7,09","6,59","221,24M","7,31%"
"10.08.2020","6,57","6,54","6,64","6,46","146,03M","-0,15%"
"07.08.2020","6,58","6,45","6,60","6,24","226,30M","1,70%"
"06.08.2020","6,47","6,75","6,81","6,45","231,58M","-4,57%"
"05.08.2020","6,78","6,80","6,88","6,67","214,60M","0,30%"
"04.08.2020","6,76","7,10","7,12","6,72","211,60M","-3,70%"
"30.07.2020","7,02","7,10","7,11","6,96","89,76M","-1,13%"
"29.07.2020","7,10","7,42","7,44","7,08","219,94M","-4,05%"
"28.07.2020","7,40","7,75","7,77","7,40","165,16M","-4,76%"
"27.07.2020","7,77","7,95","7,96","7,77","106,75M","-1,77%"
"24.07.2020","7,91","7,92","7,94","7,86","55,12M","-0,63%"
"23.07.2020","7,96","8,01","8,06","7,95","89,11M","0,00%"
"22.07.2020","7,96","7,97","8,05","7,93","119,54M","0,25%"
"21.07.2020","7,94","7,97","8,12","7,88","298,47M","0,51%"
"20.07.2020","7,90","7,94","7,99","7,89","94,36M","-0,38%"
"17.07.2020","7,93","7,99","8,03","7,92","134,62M","-0,63%"
"16.07.2020","7,98","7,91","8,07","7,91","126,71M","1,27%"
"14.07.2020","7,88","7,93","7,99","7,87","116,90M","-1,13%"
"13.07.2020","7,97","7,88","8,00","7,82","132,35M","2,05%"
"10.07.2020","7,81","7,86","7,87","7,69","171,73M","-1,26%"
"09.07.2020","7,91","8,20","8,23","7,90","161,70M","-3,06%"
"08.07.2020","8,16","8,29","8,30","8,12","194,91M","-1,92%"
"07.07.2020","8,32","8,37","8,42","8,29","186,44M","-0,60%"
"06.07.2020","8,37","8,35","8,39","8,27","106,78M","1,82%"
"03.07.2020","8,22","8,37","8,37","8,17","109,33M","-1,67%"
"02.07.2020","8,36","8,33","8,43","8,31","157,04M","0,72%"
"01.07.2020","8,30","8,53","8,55","8,27","158,55M","-1,89%"
"30.06.2020","8,46","8,60","8,63","8,46","170,04M","-0,82%"
"29.06.2020","8,53","8,20","8,56","8,17","239,42M","3,77%"
"26.06.2020","8,22","8,28","8,32","8,20","77,48M","0,00%"
"25.06.2020","8,22","8,16","8,27","8,09","126,77M","0,37%"
"24.06.2020","8,19","8,43","8,43","8,17","141,08M","-3,19%"
"23.06.2020","8,46","8,57","8,58","8,44","108,56M","-0,70%"
"22.06.2020","8,52","8,42","8,65","8,42","264,26M","2,28%"
"19.06.2020","8,33","8,20","8,40","8,16","266,04M","2,46%"
"18.06.2020","8,13","8,14","8,19","8,12","98,92M","0,00%"
"17.06.2020","8,13","8,23","8,25","8,11","99,04M","-0,97%"
"16.06.2020","8,21","8,20","8,29","8,17","160,02M","1,86%"
"15.06.2020","8,06","8,03","8,10","8,02","86,96M","-0,98%"
"12.06.2020","8,14","8,10","8,18","8,08","108,80M","-0,25%"
"11.06.2020","8,16","8,11","8,19","8,05","126,99M","-0,37%"
"10.06.2020","8,19","8,20","8,28","8,17","130,91M","0,12%"
"09.06.2020","8,18","8,29","8,32","8,13","120,68M","-0,97%"
"08.06.2020","8,26","8,29","8,41","8,26","165,12M","-0,36%"
"05.06.2020","8,29","8,17","8,30","8,13","195,26M","1,84%"
"04.06.2020","8,14","8,23","8,23","8,13","128,03M","-0,97%"
"03.06.2020","8,22","8,16","8,29","8,13","198,79M","1,99%"
"02.06.2020","8,06","8,04","8,10","7,99","132,70M","0,75%"
"01.06.2020","8,00","7,93","8,00","7,89","152,30M","2,30%"
"29.05.2020","7,82","7,77","7,93","7,76","223,97M","0,51%"
"28.05.2020","7,78","7,68","7,86","7,64","286,84M","1,83%"
"27.05.2020","7,64","7,68","7,77","7,57","260,09M","1,33%"
"22.05.2020","7,54","7,56","7,60","7,51","66,41M","-0,79%"
"21.05.2020","7,60","7,70","7,74","7,58","126,06M","-1,43%"
"20.05.2020","7,71","7,78","7,80","7,68","90,18M","-0,52%"
"18.05.2020","7,75","7,77","7,85","7,74","107,40M","0,65%"
"15.05.2020","7,70","7,80","7,81","7,68","64,71M","0,13%"
"14.05.2020","7,69","7,81","7,85","7,67","108,22M","-2,66%"
"13.05.2020","7,90","7,90","8,02","7,88","82,82M","-0,13%"
"12.05.2020","7,91","7,76","7,96","7,72","124,62M","1,93%"
"11.05.2020","7,76","7,89","7,95","7,73","100,25M","-1,27%"
"08.05.2020","7,86","8,08","8,13","7,86","116,68M","-2,00%"
"07.05.2020","8,02","8,06","8,17","7,96","146,34M","-0,62%"
"06.05.2020","8,07","8,14","8,16","8,05","85,70M","-0,86%"
"05.05.2020","8,14","8,24","8,28","8,13","96,66M","-0,37%"
"04.05.2020","8,17","8,22","8,23","8,08","81,45M","-2,04%"
"30.04.2020","8,34","8,43","8,54","8,23","187,13M","-0,83%"
"29.04.2020","8,41","8,37","8,45","8,31","94,41M","1,20%"
"28.04.2020","8,31","8,39","8,49","8,31","114,67M","-0,60%"
"27.04.2020","8,36","8,25","8,40","8,23","146,70M","2,96%"
"24.04.2020","8,12","8,08","8,24","7,97","109,42M","0,62%"
"22.04.2020","8,07","8,24","8,31","8,07","132,18M","-1,34%"
"21.04.2020","8,18","8,30","8,35","8,17","81,09M","-2,50%"
"20.04.2020","8,39","8,42","8,51","8,34","101,49M","0,00%"
"17.04.2020","8,39","8,52","8,59","8,35","121,63M","1,70%"
"16.04.2020","8,25","8,28","8,37","8,12","115,60M","0,49%"
"15.04.2020","8,21","8,59","8,60","8,21","124,96M","-4,31%"
"14.04.2020","8,58","8,60","8,69","8,49","132,63M","1,42%"
"13.04.2020","8,46","8,38","8,67","8,36","134,26M","-1,97%"
"10.04.2020","8,63","8,48","8,94","8,36","214,48M","1,65%"
"09.04.2020","8,49","8,00","8,49","7,93","241,75M","7,88%"
"08.04.2020","7,87","7,79","7,88","7,74","89,74M","0,77%"
"07.04.2020","7,81","7,88","8,06","7,81","146,87M","0,64%"
"06.04.2020","7,76","7,78","7,79","7,59","90,73M","2,92%"
"03.04.2020","7,54","7,60","7,60","7,47","73,43M","-0,79%"
"02.04.2020","7,60","7,95","7,98","7,56","84,33M","-3,06%"
"01.04.2020","7,84","7,99","8,19","7,79","89,47M","-3,57%"
"31.03.2020","8,13","8,16","8,34","8,11","97,50M","1,12%"
"30.03.2020","8,04","7,86","8,16","7,82","73,66M","2,03%"
"27.03.2020","7,88","8,00","8,15","7,77","122,19M","-0,76%"
"26.03.2020","7,94","7,47","7,97","7,45","128,80M","5,87%"
"25.03.2020","7,50","7,76","7,93","7,45","168,03M","-1,06%"
"24.03.2020","7,58","7,29","7,60","7,21","142,22M","9,70%"
"23.03.2020","6,91","7,07","7,33","6,76","217,81M","-7,37%"
"20.03.2020","7,46","7,79","7,85","7,41","121,31M","-1,58%"
"19.03.2020","7,58","7,92","8,19","7,56","132,57M","-5,25%"
"18.03.2020","8,00","8,14","8,52","8,00","85,64M","-4,65%"
"17.03.2020","8,39","8,29","8,39","7,88","104,47M","2,44%"
"16.03.2020","8,19","8,55","8,57","8,11","84,22M","-9,10%"
"13.03.2020","9,01","8,80","9,38","8,66","79,34M","3,09%"
"12.03.2020","8,74","9,37","9,40","8,67","54,37M","-8,77%"
"11.03.2020","9,58","9,38","9,62","9,33","59,75M","2,46%"
"10.03.2020","9,35","9,40","9,66","9,27","82,38M","1,85%"
"09.03.2020","9,18","9,69","9,72","9,18","56,73M","-8,47%"
"06.03.2020","10,03","10,19","10,27","9,89","41,02M","-2,62%"
"05.03.2020","10,30","10,55","10,62","10,28","62,79M","-0,58%"
"04.03.2020","10,36","10,12","10,62","10,08","62,93M","1,67%"
"03.03.2020","10,19","9,76","10,19","9,70","66,46M","6,48%"
"02.03.2020","9,57","9,90","9,91","9,49","52,31M","0,74%"
"28.02.2020","9,50","8,80","9,96","8,79","67,31M","-6,77%"
"27.02.2020","10,19","10,46","10,54","10,15","56,01M","-4,14%"
"26.02.2020","10,63","10,62","10,69","10,49","66,57M","-0,28%"
"25.02.2020","10,66","10,84","10,87","10,63","38,49M","-0,74%"
"24.02.2020","10,74","10,78","10,81","10,62","39,30M","-3,16%"
"21.02.2020","11,09","10,90","11,35","10,86","44,65M","0,54%"
"20.02.2020","11,03","11,40","11,41","10,87","61,82M","-3,58%"
"19.02.2020","11,44","11,62","11,67","11,34","32,06M","-1,55%"
"18.02.2020","11,62","11,65","11,69","11,54","18,18M","-0,94%"
"17.02.2020","11,73","11,65","11,76","11,58","26,21M","1,82%"
"14.02.2020","11,52","11,74","11,78","11,52","26,53M","-1,37%"
"13.02.2020","11,68","11,68","11,75","11,60","27,44M","-0,26%"
"12.02.2020","11,71","11,91","12,06","11,71","53,44M","-1,76%"
"11.02.2020","11,92","11,97","11,97","11,47","82,66M","1,19%"
"10.02.2020","11,78","11,87","12,01","11,65","55,73M","-1,59%"
"07.02.2020","11,97","12,28","12,30","11,97","36,72M","-2,44%"
"06.02.2020","12,27","12,56","12,62","12,21","45,63M","-0,89%"
"05.02.2020","12,38","12,28","12,53","12,26","41,49M","0,90%"
"04.02.2020","12,27","11,98","12,31","11,92","45,80M","3,72%"
"03.02.2020","11,83","11,96","11,96","11,75","27,14M","-0,59%"
"31.01.2020","11,90","11,99","12,17","11,90","29,91M","-1,65%"
"30.01.2020","12,10","11,77","12,18","11,74","43,20M","2,11%"
"29.01.2020","11,85","11,87","11,88","11,68","34,70M","0,51%"
"28.01.2020","11,79","11,86","11,89","11,68","35,78M","0,17%"
"27.01.2020","11,77","11,64","11,89","11,64","30,33M","-1,67%"
"24.01.2020","11,97","12,23","12,28","11,66","55,67M","-0,75%"
"23.01.2020","12,06","12,16","12,32","12,04","55,46M","-0,90%"
"22.01.2020","12,17","12,54","12,61","12,17","34,11M","-2,48%"
"21.01.2020","12,48","12,11","12,52","12,10","29,20M","2,04%"
"20.01.2020","12,23","12,21","12,37","12,21","22,68M","0,25%"
"17.01.2020","12,20","12,30","12,35","12,09","18,59M","0,00%"
"16.01.2020","12,20","12,17","12,41","12,17","40,26M","0,58%"
"15.01.2020","12,13","12,13","12,26","12,01","25,45M","-0,41%"
"14.01.2020","12,18","12,17","12,31","12,03","36,80M","-0,16%"
"13.01.2020","12,20","12,05","12,35","12,05","34,63M","1,92%"
"10.01.2020","11,97","11,93","12,04","11,85","34,09M","0,42%"
"09.01.2020","11,92","11,40","12,00","11,35","54,85M","7,39%"
"08.01.2020","11,10","10,44","11,10","10,40","50,08M","4,42%"
"07.01.2020","10,63","10,73","10,78","10,57","23,54M","0,76%"
"06.01.2020","10,55","10,79","10,82","10,55","38,96M","-3,21%"
"03.01.2020","10,90","11,13","11,14","10,87","46,21M","-3,28%"
"02.01.2020","11,27","11,18","11,27","11,12","18,31M","1,17%"
"31.12.2019","11,14","11,24","11,26","11,06","23,26M","-0,62%"
"30.12.2019","11,21","11,07","11,38","11,07","23,97M","1,36%"
"27.12.2019","11,06","11,06","11,09","10,96","11,87M","0,27%"
"26.12.2019","11,03","11,00","11,11","10,95","9,21M","0,27%"
"25.12.2019","11,00","11,00","11,03","10,95","6,01M","0,00%"
"24.12.2019","11,00","11,01","11,06","10,99","11,58M","1,01%"
"23.12.2019","10,89","10,87","10,89","10,76","15,36M","0,46%"
"20.12.2019","10,84","10,79","10,96","10,77","25,28M","0,84%"
"19.12.2019","10,75","10,78","10,82","10,74","16,13M","-0,09%"
"18.12.2019","10,76","10,80","10,81","10,69","31,31M","-1,10%"
"17.12.2019","10,88","10,99","11,04","10,88","29,85M","-0,37%"
"16.12.2019","10,92","11,00","11,07","10,84","34,21M","-0,55%"
"13.12.2019","10,98","10,67","11,14","10,67","75,78M","3,78%"
"12.12.2019","10,58","10,41","10,59","10,40","55,67M","2,42%"
"11.12.2019","10,33","10,34","10,38","10,27","20,53M","-0,10%"
"10.12.2019","10,34","10,30","10,41","10,27","23,16M","0,19%"
"09.12.2019","10,32","10,33","10,36","10,19","25,91M","-0,39%"
"06.12.2019","10,36","10,32","10,54","10,31","43,24M","0,39%"
"05.12.2019","10,32","10,24","10,41","10,21","36,85M","1,18%"
"04.12.2019","10,20","9,95","10,21","9,95","41,64M","3,03%"
"03.12.2019","9,90","10,11","10,28","9,88","56,08M","-2,37%"
"02.12.2019","10,14","10,15","10,19","10,09","30,09M","0,40%"
"29.11.2019","10,10","10,11","10,19","10,01","43,08M","0,10%"
"28.11.2019","10,09","10,06","10,10","10,03","19,03M","0,60%"
"27.11.2019","10,03","10,00","10,11","9,95","34,30M","0,20%"
"26.11.2019","10,01","9,95","10,04","9,82","50,75M","0,81%"
"25.11.2019","9,93","10,21","10,25","9,85","57,72M","-1,88%"
"22.11.2019","10,12","10,24","10,33","10,11","33,09M","-0,88%"
"21.11.2019","10,21","10,16","10,25","10,14","23,98M","0,39%"
"20.11.2019","10,17","10,19","10,34","10,11","41,14M","-0,78%"
"19.11.2019","10,25","10,17","10,26","10,12","37,52M","1,08%"
"18.11.2019","10,14","10,01","10,21","9,98","64,47M","1,91%"
"15.11.2019","9,95","9,83","9,96","9,78","55,46M","2,16%"
"14.11.2019","9,74","9,81","9,95","9,72","51,44M","-2,11%"
"13.11.2019","9,95","9,83","9,95","9,82","39,89M","1,32%"
"12.11.2019","9,82","9,80","9,90","9,80","36,96M","0,51%"
"11.11.2019","9,77","9,71","9,90","9,70","39,26M","-0,20%"
"08.11.2019","9,79","9,76","9,84","9,74","46,61M","0,20%"
"07.11.2019","9,77","9,60","9,78","9,59","54,26M","2,95%"
"06.11.2019","9,49","9,44","9,58","9,42","39,56M","0,32%"
"05.11.2019","9,46","9,45","9,55","9,42","25,04M","-0,11%"
"04.11.2019","9,47","9,40","9,52","9,37","35,01M","2,05%"
"01.11.2019","9,28","9,22","9,32","9,18","34,82M","0,87%"
"31.10.2019","9,20","9,26","9,35","9,17","35,07M","-0,33%"
"30.10.2019","9,23","9,24","9,38","9,19","64,50M","-2,53%"
"28.10.2019","9,47","9,55","9,55","9,45","16,32M","-0,63%"
"25.10.2019","9,53","9,66","9,72","9,48","48,79M","-1,75%"
"24.10.2019","9,70","9,68","9,86","9,65","70,58M","1,04%"
"23.10.2019","9,60","9,44","9,75","9,44","58,95M","3,00%"
"22.10.2019","9,32","9,15","9,35","9,10","58,14M","2,19%"
"21.10.2019","9,12","9,27","9,27","9,08","31,88M","-1,62%"
"18.10.2019","9,27","9,20","9,37","9,15","31,45M","6,43%"
"17.10.2019","8,71","8,57","8,71","8,47","14,75M","1,04%"
"16.10.2019","8,62","8,26","8,62","8,24","32,49M","0,12%"
"15.10.2019","8,61","8,69","8,70","8,48","156,97M","3,11%"
"14.10.2019","8,35","9,12","9,21","8,35","228,84M","-10,02%"
"11.10.2019","9,28","9,36","9,44","9,26","129,62M","-0,32%"
"10.10.2019","9,31","9,41","9,48","9,13","170,62M","-0,64%"
"09.10.2019","9,37","9,64","9,70","9,37","145,74M","-2,70%"
"08.10.2019","9,63","9,81","9,81","9,47","202,42M","-1,63%"
"07.10.2019","9,79","9,94","10,23","9,78","153,65M","-2,00%"
"04.10.2019","9,99","9,92","10,04","9,87","108,59M","1,52%"
"03.10.2019","9,84","10,00","10,10","9,76","98,28M","-0,91%"
"02.10.2019","9,93","10,01","10,11","9,91","101,77M","-0,90%"
"01.10.2019","10,02","10,25","10,28","9,95","93,85M","-1,86%"
"30.09.2019","10,21","10,38","10,40","10,15","107,89M","-1,16%"
"27.09.2019","10,33","9,66","10,36","9,66","195,75M","7,38%"
"26.09.2019","9,62","9,78","9,83","9,59","94,37M","-1,64%"
"25.09.2019","9,78","9,63","9,78","9,60","89,30M","0,93%"
"24.09.2019","9,69","9,50","9,71","9,47","97,23M","3,86%"
"23.09.2019","9,33","9,29","9,37","9,25","72,09M","0,65%"
"20.09.2019","9,27","9,34","9,38","9,23","104,31M","-0,22%"
"19.09.2019","9,29","9,50","9,51","9,23","141,27M","-1,90%"
"18.09.2019","9,47","9,40","9,55","9,33","97,56M","0,21%"
"17.09.2019","9,45","9,48","9,54","9,28","141,88M","-0,21%"
"16.09.2019","9,47","9,55","9,58","9,44","114,28M","-1,76%"
"13.09.2019","9,64","9,67","9,74","9,59","106,61M","-0,21%"
"12.09.2019","9,66","9,61","9,80","9,56","167,64M","0,84%"
"11.09.2019","9,58","9,51","9,72","9,50","91,16M","1,05%"
"10.09.2019","9,48","9,43","9,56","9,40","86,23M","0,21%"
"09.09.2019","9,46","9,26","9,54","9,25","147,98M","3,28%"
"06.09.2019","9,16","9,37","9,38","9,15","115,00M","-2,66%"
"05.09.2019","9,41","9,54","9,56","9,37","81,96M","-0,32%"
"04.09.2019","9,44","9,47","9,48","9,37","89,31M","0,75%"
"03.09.2019","9,37","9,20","9,41","9,14","111,95M","1,52%"
"02.09.2019","9,23","8,93","9,30","8,92","82,92M","3,71%"
"29.08.2019","8,90","8,81","8,99","8,80","78,77M","1,02%"
"28.08.2019","8,81","8,92","8,94","8,76","116,96M","-0,79%"
"27.08.2019","8,88","9,01","9,02","8,83","123,10M","-1,33%"
"26.08.2019","9,00","8,84","9,01","8,83","108,29M","-0,55%"
"23.08.2019","9,05","8,75","9,06","8,71","115,64M","3,55%"
"22.08.2019","8,74","8,81","8,92","8,63","100,43M","-1,13%"
"21.08.2019","8,84","8,90","8,95","8,76","91,28M","-0,56%"
"20.08.2019","8,89","8,76","9,04","8,72","125,78M","1,48%"
"19.08.2019","8,76","9,03","9,05","8,74","83,60M","-1,90%"
"16.08.2019","8,93","9,35","9,38","8,92","143,02M","-3,77%"
"15.08.2019","9,28","9,69","9,69","9,22","117,94M","-5,02%"
"09.08.2019","9,77","9,68","9,84","9,58","79,12M","0,83%"
"08.08.2019","9,69","9,91","9,92","9,53","112,32M","-1,22%"
"07.08.2019","9,81","9,82","9,97","9,77","100,36M","0,51%"
"06.08.2019","9,76","9,66","9,79","9,64","94,99M","1,77%"
"05.08.2019","9,59","9,59","9,71","9,53","87,02M","-0,10%"
"02.08.2019","9,60","9,64","9,71","9,56","87,10M","-1,03%"
"01.08.2019","9,70","9,74","9,82","9,59","107,79M","-1,52%"
"31.07.2019","9,85","9,83","9,90","9,76","86,80M","1,03%"
"30.07.2019","9,75","9,87","9,91","9,66","72,66M","-1,02%"
"29.07.2019","9,85","9,87","9,93","9,78","89,48M","0,10%"
"26.07.2019","9,84","9,74","9,95","9,65","114,13M","1,76%"
"25.07.2019","9,67","9,92","10,06","9,63","225,66M","-2,32%"
"24.07.2019","9,90","9,81","9,90","9,60","134,97M","0,71%"
"23.07.2019","9,83","9,59","9,89","9,57","122,13M","2,93%"
"22.07.2019","9,55","9,60","9,68","9,50","75,62M","-0,52%"
"19.07.2019","9,60","9,81","9,92","9,58","141,86M","-1,13%"
"18.07.2019","9,71","9,52","9,78","9,47","158,77M","1,89%"
"17.07.2019","9,53","9,12","9,53","8,98","220,79M","4,73%"
"16.07.2019","9,10","9,41","9,42","9,07","157,08M","-1,73%"
"12.07.2019","9,26","9,64","9,79","9,22","170,06M","-3,84%"
"11.07.2019","9,63","9,91","9,95","9,59","154,10M","-1,73%"
"10.07.2019","9,80","9,56","9,88","9,52","175,70M","2,62%"
"09.07.2019","9,55","9,90","9,95","9,52","173,89M","-3,73%"
"08.07.2019","9,92","9,86","10,04","9,83","132,54M","-2,27%"
"05.07.2019","10,15","9,90","10,15","9,84","137,45M","2,32%"
"04.07.2019","9,92","9,86","9,94","9,72","72,61M","1,33%"
"03.07.2019","9,79","9,89","9,91","9,77","91,83M","-0,41%"
"02.07.2019","9,83","9,77","9,90","9,68","112,62M","0,41%"
"01.07.2019","9,79","9,45","9,89","9,45","135,55M","7,58%"
"28.06.2019","9,10","8,98","9,14","8,93","106,78M","1,68%"
"27.06.2019","8,95","8,94","9,02","8,89","79,87M","0,67%"
"26.06.2019","8,89","8,96","9,03","8,85","90,22M","-1,11%"
"25.06.2019","8,99","8,87","9,08","8,83","178,31M","0,45%"
"24.06.2019","8,95","8,90","9,01","8,77","189,48M","4,68%"
"21.06.2019","8,55","8,59","8,61","8,41","138,76M","-0,81%"
"20.06.2019","8,62","8,65","8,85","8,60","197,63M","1,06%"
"19.06.2019","8,53","8,28","8,55","8,25","163,86M","2,40%"
"18.06.2019","8,33","8,14","8,39","8,14","122,97M","2,21%"
"17.06.2019","8,15","7,85","8,21","7,84","127,42M","3,69%"
"14.06.2019","7,86","8,01","8,03","7,81","113,89M","-1,13%"
"13.06.2019","7,95","8,11","8,14","7,91","101,24M","-2,57%"
"12.06.2019","8,16","8,21","8,31","8,12","119,98M","-0,61%"
"11.06.2019","8,21","8,40","8,46","8,20","167,12M","-1,79%"
"10.06.2019","8,36","8,38","8,40","8,21","141,36M","-0,48%"
"07.06.2019","8,40","8,02","8,40","7,98","103,74M","6,19%"
"03.06.2019","7,91","7,88","7,96","7,78","35,48M","-0,25%"
"31.05.2019","7,93","7,85","7,94","7,74","110,97M","0,25%"
"30.05.2019","7,91","7,59","7,91","7,59","137,69M","5,89%"
"29.05.2019","7,47","7,55","7,57","7,42","96,51M","-0,93%"
"28.05.2019","7,54","7,50","7,64","7,48","122,51M","1,62%"
"27.05.2019","7,42","7,57","7,64","7,36","68,75M","-1,07%"
"24.05.2019","7,50","7,19","7,58","7,18","158,96M","4,90%"
"23.05.2019","7,15","7,08","7,24","7,03","144,79M","1,13%"
"22.05.2019","7,07","7,26","7,38","7,07","113,86M","-3,28%"
"21.05.2019","7,31","7,53","7,58","7,29","116,27M","-2,66%"
"20.05.2019","7,51","7,66","7,69","7,46","89,33M","-1,83%"
"17.05.2019","7,65","7,53","7,77","7,47","106,72M","0,53%"
"16.05.2019","7,61","7,70","7,85","7,52","119,72M","-0,26%"
"15.05.2019","7,63","7,66","7,71","7,43","100,11M","-0,65%"
"14.05.2019","7,68","7,29","7,69","7,26","164,10M","6,08%"
"13.05.2019","7,24","7,57","7,62","7,18","137,24M","-4,23%"
"10.05.2019","7,56","7,70","7,76","7,53","109,24M","-0,26%"
"09.05.2019","7,58","7,75","7,82","7,58","112,21M","-2,19%"
"08.05.2019","7,75","7,78","7,92","7,67","159,33M","0,00%"
"07.05.2019","7,75","7,75","7,81","7,71","123,36M","-3,37%"
"06.05.2019","8,02","7,98","8,05","7,84","85,79M","-1,35%"
"03.05.2019","8,13","8,05","8,20","7,98","77,74M","1,37%"
"02.05.2019","8,02","8,19","8,25","7,99","81,89M","-1,84%"
"30.04.2019","8,17","7,99","8,26","7,99","140,71M","2,90%"
"29.04.2019","7,94","8,16","8,18","7,92","98,62M","-2,58%"
"26.04.2019","8,15","8,15","8,24","7,99","106,08M","0,25%"
"25.04.2019","8,13","8,58","8,58","8,04","118,78M","-4,47%"
"24.04.2019","8,51","8,30","8,53","8,28","94,14M","2,65%"
"22.04.2019","8,29","8,37","8,38","8,29","25,74M","-1,89%"
"19.04.2019","8,45","8,53","8,55","8,42","34,03M","-0,47%"
"18.04.2019","8,49","8,64","8,68","8,44","102,01M","-2,41%"
"17.04.2019","8,70","8,67","8,78","8,61","151,00M","1,28%"
"16.04.2019","8,59","8,52","8,68","8,49","115,82M","1,54%"
"15.04.2019","8,46","8,39","8,64","8,38","113,41M","0,24%"
"12.04.2019","8,44","8,72","8,74","8,43","120,96M","-3,65%"
"11.04.2019","8,76","8,83","8,95","8,73","76,56M","-0,45%"
"10.04.2019","8,80","8,93","8,97","8,79","67,88M","-1,01%"
"09.04.2019","8,89","9,01","9,09","8,79","86,62M","0,91%"
"08.04.2019","8,81","9,02","9,04","8,68","91,22M","-2,22%"
"05.04.2019","9,01","8,83","9,09","8,76","130,37M","2,62%"
"04.04.2019","8,78","8,20","8,78","8,13","135,19M","6,94%"
"03.04.2019","8,21","8,07","8,25","8,03","113,65M","2,88%"
"02.04.2019","7,98","8,07","8,28","7,98","141,54M","-1,97%"
"01.04.2019","8,14","8,34","8,34","7,97","194,09M","-2,40%"
"29.03.2019","8,34","7,98","8,37","7,88","148,16M","4,91%"
"28.03.2019","7,95","7,69","8,08","7,62","334,70M","3,25%"
"27.03.2019","7,70","8,49","8,50","7,70","293,07M","-8,88%"
"26.03.2019","8,45","8,86","8,89","8,41","170,83M","-3,32%"
"25.03.2019","8,74","9,18","9,22","8,60","187,49M","-4,79%"
"22.03.2019","9,18","9,79","9,93","9,16","170,02M","-5,75%"
"21.03.2019","9,74","9,48","9,77","9,47","121,71M","3,51%"
"20.03.2019","9,41","9,43","9,53","9,37","56,54M","-0,32%"
"19.03.2019","9,44","9,49","9,60","9,32","82,78M","-0,32%"
"18.03.2019","9,47","9,17","9,50","9,16","87,08M","3,72%"
"15.03.2019","9,13","9,12","9,18","9,06","60,49M","0,55%"
"14.03.2019","9,08","9,16","9,23","9,04","64,59M","-0,87%"
"13.03.2019","9,16","8,82","9,16","8,81","98,40M","3,85%"
"12.03.2019","8,82","8,71","8,90","8,69","64,21M","2,08%"
"11.03.2019","8,64","8,71","8,75","8,60","56,39M","-0,23%"
"08.03.2019","8,66","8,79","8,86","8,58","63,68M","-1,37%"
"07.03.2019","8,78","8,80","9,15","8,75","106,05M","-0,57%"
"06.03.2019","8,83","8,91","9,02","8,80","83,69M","-0,45%"
"05.03.2019","8,87","8,99","9,24","8,73","176,30M","-1,77%"
"04.03.2019","9,03","8,84","9,06","8,81","73,02M","2,61%"
"01.03.2019","8,80","8,94","8,98","8,70","87,99M","-1,35%"
"28.02.2019","8,92","8,70","8,94","8,67","84,95M","2,65%"
"27.02.2019","8,69","8,84","8,88","8,68","71,39M","-1,70%"
"26.02.2019","8,84","8,79","8,90","8,77","72,77M","0,34%"
"25.02.2019","8,81","8,76","8,88","8,73","94,43M","1,61%"
"22.02.2019","8,67","8,72","8,74","8,63","55,24M","-0,34%"
"21.02.2019","8,70","8,61","8,78","8,59","71,53M","1,16%"
"20.02.2019","8,60","8,71","8,80","8,60","91,97M","-1,04%"
"19.02.2019","8,69","8,64","8,72","8,56","97,70M","1,05%"
"18.02.2019","8,60","8,88","9,01","8,57","147,65M","-3,04%"
"15.02.2019","8,87","8,87","8,94","8,76","86,99M","0,11%"
"14.02.2019","8,86","8,90","8,96","8,74","121,54M","-0,45%"
"13.02.2019","8,90","9,17","9,19","8,90","87,88M","-2,41%"
"12.02.2019","9,12","9,21","9,28","8,98","120,10M","-0,65%"
"11.02.2019","9,18","8,97","9,21","8,95","107,33M","3,38%"
"08.02.2019","8,88","8,84","8,98","8,80","94,93M","0,11%"
"07.02.2019","8,87","8,91","8,95","8,81","76,13M","-0,34%"
"06.02.2019","8,90","9,08","9,14","8,87","110,07M","-1,55%"
"05.02.2019","9,04","9,00","9,16","8,92","130,12M","1,23%"
"04.02.2019","8,93","9,04","9,05","8,91","57,65M","-1,11%"
"01.02.2019","9,03","9,01","9,08","8,90","85,03M","-0,33%"
"31.01.2019","9,06","9,33","9,48","9,06","111,73M","-0,77%"
"30.01.2019","9,13","9,11","9,26","9,06","129,73M","0,00%"
"29.01.2019","9,13","8,90","9,16","8,83","121,76M","2,93%"
"28.01.2019","8,87","9,16","9,29","8,85","94,13M","-2,95%"
"25.01.2019","9,14","9,19","9,25","9,01","103,91M","0,33%"
"24.01.2019","9,11","8,94","9,14","8,93","115,70M","2,13%"
"23.01.2019","8,92","9,07","9,11","8,86","97,81M","-1,55%"
"22.01.2019","9,06","8,88","9,11","8,82","123,71M","2,03%"
"21.01.2019","8,88","9,15","9,18","8,84","102,33M","-2,95%"
"18.01.2019","9,15","9,28","9,35","9,10","98,68M","-1,08%"
"17.01.2019","9,25","8,93","9,31","8,80","177,24M","3,82%"
"16.01.2019","8,91","8,37","8,96","8,33","161,01M","6,83%"
"15.01.2019","8,34","8,23","8,36","8,19","93,56M","2,08%"
"14.01.2019","8,17","7,82","8,17","7,75","96,49M","3,29%"
"11.01.2019","7,91","7,92","7,99","7,82","75,95M","0,51%"
"10.01.2019","7,87","7,98","8,05","7,83","103,90M","-1,50%"
"09.01.2019","7,99","8,24","8,25","7,92","98,64M","-2,44%"
"08.01.2019","8,19","8,21","8,30","8,10","96,28M","0,37%"
"07.01.2019","8,16","8,09","8,28","8,08","93,29M","2,00%"
"04.01.2019","8,00","7,61","8,02","7,61","113,40M","6,10%"
"03.01.2019","7,54","7,68","7,81","7,52","78,69M","-2,33%"
"02.01.2019","7,72","7,93","7,97","7,69","70,05M","-3,02%"
"31.12.2018","7,96","7,98","8,00","7,93","23,92M","0,00%"
"28.12.2018","7,96","8,10","8,15","7,94","73,18M","-1,36%"
"27.12.2018","8,07","8,15","8,16","8,02","60,86M","0,62%"
"26.12.2018","8,02","8,03","8,05","7,98","17,03M","0,25%"
"25.12.2018","8,00","7,98","8,03","7,93","30,58M","-0,50%"
"24.12.2018","8,04","8,15","8,18","8,03","43,84M","-0,86%"
"21.12.2018","8,11","8,18","8,22","7,98","112,44M","-0,73%"
"20.12.2018","8,17","8,24","8,27","8,10","81,53M","-1,80%"
"19.12.2018","8,32","8,01","8,32","8,01","82,30M","3,87%"
"18.12.2018","8,01","7,69","8,01","7,69","87,17M","3,89%"
"17.12.2018","7,71","7,77","7,87","7,66","74,69M","-0,64%"
"14.12.2018","7,76","7,63","7,76","7,50","90,26M","1,31%"
"13.12.2018","7,66","7,54","7,74","7,54","106,67M","2,27%"
"12.12.2018","7,49","7,82","7,86","7,49","97,36M","-3,73%"
"11.12.2018","7,78","7,87","7,96","7,73","104,66M","-0,77%"
"10.12.2018","7,84","7,90","8,02","7,82","85,79M","-1,63%"
"07.12.2018","7,97","7,88","8,01","7,83","76,62M","2,57%"
"06.12.2018","7,77","7,75","7,82","7,63","98,58M","-0,64%"
"05.12.2018","7,82","7,89","7,90","7,68","141,21M","-2,74%"
"04.12.2018","8,04","8,18","8,25","7,98","104,69M","-1,71%"
"03.12.2018","8,18","8,39","8,42","8,18","105,12M","-1,09%"
"30.11.2018","8,27","8,11","8,30","8,06","82,46M","2,10%"
"29.11.2018","8,10","8,17","8,24","8,07","98,57M","2,02%"
"28.11.2018","7,94","7,90","8,05","7,90","80,08M","1,02%"
"27.11.2018","7,86","8,11","8,14","7,79","150,90M","-2,72%"
"26.11.2018","8,08","8,13","8,38","8,06","167,84M","0,12%"
"23.11.2018","8,07","7,96","8,07","7,95","39,27M","1,38%"
"22.11.2018","7,96","8,04","8,05","7,94","50,24M","-0,87%"
"21.11.2018","8,03","7,97","8,04","7,88","69,65M","1,26%"
"20.11.2018","7,93","8,07","8,17","7,81","117,21M","-1,98%"
"19.11.2018","8,09","7,94","8,17","7,92","92,10M","1,89%"
"16.11.2018","7,94","7,90","8,01","7,86","64,61M","1,53%"
"15.11.2018","7,82","7,96","8,08","7,79","94,19M","-1,76%"
"14.11.2018","7,96","7,86","8,08","7,78","85,42M","1,27%"
"13.11.2018","7,86","7,66","7,92","7,59","81,06M","2,88%"
"12.11.2018","7,64","7,81","7,94","7,64","83,59M","-2,30%"
"09.11.2018","7,82","7,89","7,95","7,77","77,55M","-1,26%"
"08.11.2018","7,92","8,08","8,15","7,89","121,52M","-1,74%"
"07.11.2018","8,06","7,95","8,20","7,91","136,47M","1,38%"
"06.11.2018","7,95","8,07","8,09","7,83","149,16M","-1,36%"
"05.11.2018","8,06","7,84","8,11","7,78","166,40M","4,40%"
"02.11.2018","7,72","7,50","7,85","7,42","162,03M","2,93%"
"01.11.2018","7,50","7,03","7,56","6,97","142,37M","7,30%"
"31.10.2018","6,99","7,18","7,24","6,91","127,74M","-2,24%"
"30.10.2018","7,15","6,97","7,20","6,96","130,43M","3,32%"
"26.10.2018","6,92","7,23","7,26","6,90","119,62M","-4,29%"
"25.10.2018","7,23","7,08","7,23","7,04","95,81M","1,54%"
"24.10.2018","7,12","7,26","7,33","7,12","111,04M","-0,97%"
"23.10.2018","7,19","7,24","7,40","7,05","161,70M","-2,31%"
"22.10.2018","7,36","7,56","7,68","7,26","102,82M","-1,08%"
"19.10.2018","7,44","7,67","7,68","7,43","136,75M","-2,49%"
"18.10.2018","7,63","7,80","7,84","7,56","126,51M","-2,80%"
"17.10.2018","7,85","7,71","7,90","7,67","152,73M","3,56%"
"16.10.2018","7,58","7,66","7,79","7,57","122,60M","-1,56%"
"15.10.2018","7,70","7,32","7,76","7,32","164,25M","6,50%"
"12.10.2018","7,23","7,27","7,55","6,72","187,50M","1,54%"
"11.10.2018","7,12","7,00","7,20","6,97","153,40M","1,28%"
"10.10.2018","7,03","7,28","7,32","7,03","160,25M","-2,77%"
"09.10.2018","7,23","7,24","7,39","7,07","230,60M","0,42%"
"08.10.2018","7,20","6,66","7,23","6,64","230,02M","6,67%"
"05.10.2018","6,75","6,55","6,80","6,54","179,15M","2,74%"
"04.10.2018","6,57","7,06","7,07","6,57","187,93M","-7,59%"
"03.10.2018","7,11","7,34","7,43","7,05","182,28M","-2,60%"
"02.10.2018","7,30","7,32","7,36","7,16","168,88M","-0,54%"
"01.10.2018","7,34","7,73","7,77","7,34","211,42M","-4,80%"
"28.09.2018","7,71","7,58","7,76","7,53","298,87M","1,98%"
"27.09.2018","7,56","7,24","7,62","7,19","286,98M","4,42%"
"26.09.2018","7,24","7,18","7,26","7,03","133,75M","1,97%"
"25.09.2018","7,10","7,22","7,29","7,02","211,78M","-0,56%"
"24.09.2018","7,14","6,63","7,14","6,62","251,52M","8,02%"
"21.09.2018","6,61","6,50","6,68","6,50","176,76M","2,32%"
"20.09.2018","6,46","6,66","6,82","6,41","291,00M","-2,71%"
"19.09.2018","6,64","6,29","6,66","6,25","167,25M","7,10%"
"18.09.2018","6,20","6,16","6,30","6,16","124,26M","1,14%"
"17.09.2018","6,13","6,28","6,30","6,09","158,82M","-3,31%"
"14.09.2018","6,34","6,25","6,78","6,25","288,75M","2,92%"
"13.09.2018","6,16","5,76","6,21","5,65","211,40M","7,69%"
"12.09.2018","5,72","5,90","5,95","5,70","102,06M","-2,22%"
"11.09.2018","5,85","5,93","6,02","5,82","94,35M","-0,68%"
"10.09.2018","5,89","6,15","6,17","5,89","98,92M","-4,23%"
"07.09.2018","6,15","6,04","6,19","5,98","120,14M","2,33%"
"06.09.2018","6,01","5,99","6,08","5,98","56,22M","0,50%"
"05.09.2018","5,98","6,06","6,10","5,93","87,19M","-1,97%"
"04.09.2018","6,10","6,07","6,17","6,03","67,03M","0,66%"
"03.09.2018","6,06","5,94","6,13","5,92","72,11M","1,85%"
"31.08.2018","5,95","6,15","6,19","5,95","83,15M","-3,88%"
"29.08.2018","6,19","6,16","6,28","6,11","69,19M","-0,80%"
"28.08.2018","6,24","6,01","6,25","5,99","103,26M","3,83%"
"27.08.2018","6,01","6,07","6,09","5,98","84,57M","-0,33%"
"20.08.2018","6,03","5,86","6,07","5,85","32,70M","3,25%"
"17.08.2018","5,84","5,74","5,94","5,58","105,20M","1,57%"
"16.08.2018","5,75","5,98","5,98","5,75","115,76M","-1,54%"
"15.08.2018","5,84","6,32","6,37","5,84","205,07M","-4,89%"
"14.08.2018","6,14","6,13","6,19","5,97","171,94M","4,78%"
"13.08.2018","5,86","6,38","6,39","5,54","334,95M","-10,12%"
"10.08.2018","6,52","6,86","6,98","6,16","227,16M","-6,86%"
"09.08.2018","7,00","6,95","7,27","6,94","188,45M","-1,27%"
"08.08.2018","7,09","7,02","7,15","6,99","101,99M","1,00%"
"07.08.2018","7,02","6,85","7,05","6,85","126,34M","3,08%"
"06.08.2018","6,81","6,93","7,05","6,76","100,55M","-2,30%"
"03.08.2018","6,97","6,82","7,00","6,80","128,43M","2,50%"
"02.08.2018","6,80","6,95","7,00","6,79","105,94M","-4,49%"
"01.08.2018","7,12","7,13","7,20","7,08","113,79M","0,14%"
"31.07.2018","7,11","7,04","7,19","7,01","125,02M","0,71%"
"30.07.2018","7,06","6,95","7,11","6,93","108,77M","0,71%"
"27.07.2018","7,01","6,94","7,13","6,87","159,03M","1,45%"
"26.07.2018","6,91","7,06","7,16","6,78","215,36M","-1,43%"
"25.07.2018","7,01","6,65","7,09","6,62","231,89M","5,57%"
"24.07.2018","6,64","7,16","7,16","6,64","275,62M","-7,13%"
"23.07.2018","7,15","6,97","7,21","6,96","160,55M","3,77%"
"20.07.2018","6,89","6,75","6,97","6,70","158,31M","2,38%"
"19.07.2018","6,73","6,84","6,85","6,67","197,26M","-0,74%"
"18.07.2018","6,78","6,71","6,78","6,54","196,63M","1,04%"
"17.07.2018","6,71","6,65","6,80","6,53","275,29M","0,60%"
"16.07.2018","6,67","7,04","7,06","6,66","173,41M","-3,61%"
"13.07.2018","6,92","7,05","7,17","6,91","186,27M","-1,00%"
"12.07.2018","6,99","7,01","7,25","6,90","301,38M","0,43%"
"11.07.2018","6,96","7,78","7,80","6,96","415,25M","-11,56%"
"10.07.2018","7,87","8,32","8,39","7,87","319,58M","-8,17%"
"09.07.2018","8,57","8,69","8,78","8,57","109,56M","-0,12%"
"06.07.2018","8,58","8,61","8,71","8,44","92,36M","-0,12%"
"05.07.2018","8,59","8,50","8,64","8,50","68,64M","1,54%"
"04.07.2018","8,46","8,37","8,53","8,34","75,69M","1,20%"
"03.07.2018","8,36","8,49","8,51","8,33","66,59M","-1,18%"
"02.07.2018","8,46","8,29","8,50","8,29","87,12M","0,95%"
"29.06.2018","8,38","8,45","8,56","8,32","74,39M","0,36%"
"28.06.2018","8,35","8,36","8,52","8,34","70,27M","-0,48%"
"27.06.2018","8,39","8,13","8,44","8,13","104,74M","2,94%"
"26.06.2018","8,15","8,09","8,26","8,08","90,06M","0,49%"
"25.06.2018","8,11","9,09","9,12","8,02","182,01M","-4,81%"
"22.06.2018","8,52","8,42","8,55","8,31","67,75M","1,55%"
"21.06.2018","8,39","8,31","8,49","8,31","57,20M","0,60%"
"20.06.2018","8,34","8,32","8,43","8,31","76,18M","-0,12%"
"19.06.2018","8,35","8,18","8,41","8,17","77,88M","1,58%"
"18.06.2018","8,22","8,27","8,36","8,21","54,58M","-1,08%"
"14.06.2018","8,31","8,16","8,37","8,15","41,85M","0,97%"
"13.06.2018","8,23","8,32","8,45","8,22","75,59M","-1,67%"
"12.06.2018","8,37","8,38","8,48","8,26","57,91M","-0,59%"
"11.06.2018","8,42","8,42","8,49","8,18","80,17M","0,24%"
"08.06.2018","8,40","8,64","8,66","8,40","73,55M","-3,56%"
"07.06.2018","8,71","8,48","8,80","8,43","135,91M","2,47%"
"06.06.2018","8,50","8,45","8,53","8,18","129,88M","1,31%"
"05.06.2018","8,39","8,59","8,64","8,37","86,25M","-1,76%"
"04.06.2018","8,54","8,43","8,77","8,43","132,76M","0,23%"
"01.06.2018","8,52","8,95","8,97","8,32","257,32M","-4,38%"
"31.05.2018","8,91","9,56","9,56","8,91","124,86M","-6,01%"
"30.05.2018","9,48","9,33","9,58","9,33","129,51M","1,61%"
"29.05.2018","9,33","9,51","9,52","9,26","85,70M","-2,10%"
"28.05.2018","9,53","9,44","9,61","9,39","73,11M","2,69%"
"25.05.2018","9,28","9,13","9,31","9,07","95,13M","3,11%"
"24.05.2018","9,00","9,23","9,41","8,93","150,57M","-1,10%"
"23.05.2018","9,10","9,18","9,32","9,07","134,19M","-1,62%"
"22.05.2018","9,25","8,98","9,32","8,98","112,52M","3,24%"
"21.05.2018","8,96","8,92","9,08","8,89","65,07M","0,00%"
"18.05.2018","8,96","8,90","8,98","8,88","42,47M","1,13%"
"17.05.2018","8,86","9,06","9,06","8,85","55,14M","-1,45%"
"16.05.2018","8,99","8,98","9,09","8,87","95,97M","0,33%"
"15.05.2018","8,96","9,11","9,21","8,85","97,49M","-2,93%"
"14.05.2018","9,23","9,15","9,34","9,11","57,75M","0,54%"
"11.05.2018","9,18","9,43","9,44","9,07","73,82M","-3,16%"
"10.05.2018","9,48","9,18","9,48","8,96","107,54M","4,06%"
"09.05.2018","9,11","8,82","9,27","8,74","95,26M","2,36%"
"08.05.2018","8,90","9,01","9,08","8,82","92,61M","-0,45%"
"07.05.2018","8,94","9,07","9,16","8,92","59,13M","-1,76%"
"04.05.2018","9,10","8,93","9,13","8,78","130,09M","2,02%"
"03.05.2018","8,92","9,20","9,28","8,91","94,18M","-3,25%"
"02.05.2018","9,22","9,48","9,48","8,97","81,86M","0,11%"
"30.04.2018","9,21","9,53","9,65","9,13","70,53M","-3,15%"
"27.04.2018","9,51","9,25","9,77","9,25","89,65M","3,71%"
"26.04.2018","9,17","9,32","9,35","9,16","66,29M","-1,08%"
"25.04.2018","9,27","9,73","9,75","9,22","112,60M","-4,53%"
"24.04.2018","9,71","9,68","9,80","9,60","52,04M","0,62%"
"20.04.2018","9,65","9,75","9,75","9,58","44,75M","-1,33%"
"19.04.2018","9,78","9,73","9,93","9,63","85,23M","0,10%"
"18.04.2018","9,77","9,15","9,79","9,07","144,16M","6,78%"
"17.04.2018","9,15","9,62","9,63","9,08","140,69M","-4,09%"
"16.04.2018","9,54","9,41","9,59","9,41","73,01M","1,60%"
"13.04.2018","9,39","9,56","9,61","9,37","65,24M","-1,37%"
"12.04.2018","9,52","9,50","9,64","9,42","91,21M","0,11%"
"11.04.2018","9,51","9,71","9,85","9,39","81,44M","-2,76%"
"10.04.2018","9,78","10,10","10,14","9,70","60,17M","-6,68%"
"09.04.2018","10,48","10,79","10,80","10,39","46,66M","-2,24%"
"06.04.2018","10,72","10,78","10,85","10,71","27,86M","-0,83%"
"05.04.2018","10,81","10,77","10,97","10,72","41,73M","0,65%"
"04.04.2018","10,74","10,84","10,89","10,67","32,51M","-0,74%"
"03.04.2018","10,82","10,84","10,91","10,72","30,41M","0,09%"
"02.04.2018","10,81","10,95","10,99","10,80","15,42M","-1,19%"
"30.03.2018","10,94","10,96","11,10","10,92","25,12M","0,37%"
"29.03.2018","10,90","10,74","10,94","10,65","42,41M","1,87%"
"28.03.2018","10,70","10,84","10,97","10,61","61,65M","-1,74%"
"27.03.2018","10,89","10,95","11,11","10,87","38,48M","0,83%"
"26.03.2018","10,80","10,85","10,94","10,80","45,29M","0,09%"
"23.03.2018","10,79","10,82","10,86","10,75","57,29M","-1,64%"
"22.03.2018","10,97","11,25","11,27","10,96","54,00M","-1,70%"
"21.03.2018","11,16","11,04","11,18","11,01","51,56M","1,45%"
"20.03.2018","11,00","10,94","11,11","10,82","74,81M","1,29%"
"19.03.2018","10,86","11,10","11,16","10,86","47,02M","-2,60%"
"16.03.2018","11,15","11,26","11,27","11,09","49,58M","-0,71%"
"15.03.2018","11,23","11,45","11,47","11,20","32,93M","-1,40%"
"14.03.2018","11,39","11,62","11,73","11,39","35,22M","-1,98%"
"13.03.2018","11,62","11,78","11,81","11,58","32,86M","-1,53%"
"12.03.2018","11,80","11,58","11,85","11,56","32,59M","2,97%"
"09.03.2018","11,46","11,53","11,55","11,43","23,72M","-0,26%"
"08.03.2018","11,49","11,54","11,62","11,45","22,35M","-0,43%"
"07.03.2018","11,54","11,49","11,57","11,43","31,90M","-0,09%"
"06.03.2018","11,55","11,57","11,70","11,49","40,21M","0,87%"
"05.03.2018","11,45","11,49","11,53","11,43","36,04M","-0,09%"
"02.03.2018","11,46","11,52","11,57","11,37","28,18M","-0,78%"
"01.03.2018","11,55","11,68","11,71","11,53","37,16M","-1,53%"
"28.02.2018","11,73","11,76","11,85","11,68","43,13M","-0,93%"
"27.02.2018","11,84","11,94","11,94","11,80","32,37M","-0,59%"
"26.02.2018","11,91","11,94","11,97","11,84","27,02M","0,68%"
"23.02.2018","11,83","11,90","11,94","11,78","32,16M","-0,17%"
"22.02.2018","11,85","11,75","11,87","11,62","34,74M","0,51%"
"21.02.2018","11,79","11,55","11,82","11,53","50,02M","3,88%"
"20.02.2018","11,35","11,73","11,82","11,35","44,18M","-2,83%"
"19.02.2018","11,68","12,01","12,06","11,66","35,77M","-2,01%"
"16.02.2018","11,92","12,06","12,14","11,85","38,75M","-0,67%"
"15.02.2018","12,00","11,74","12,00","11,72","38,00M","3,99%"
"14.02.2018","11,54","11,99","12,07","11,52","42,17M","-3,03%"
"13.02.2018","11,90","11,95","12,14","11,86","39,08M","-0,08%"
"12.02.2018","11,91","11,71","11,93","11,67","29,03M","2,76%"
"09.02.2018","11,59","11,58","11,68","11,45","43,73M","-0,94%"
"08.02.2018","11,70","11,77","11,78","11,54","43,83M","-0,43%"
"07.02.2018","11,75","11,83","11,97","11,72","42,46M","-0,17%"
"06.02.2018","11,77","11,60","11,80","11,48","65,42M","-1,09%"
"05.02.2018","11,90","11,95","12,09","11,83","39,48M","-1,00%"
"02.02.2018","12,02","12,23","12,35","11,95","50,29M","-1,64%"
"01.02.2018","12,22","12,35","12,75","12,05","66,85M","-0,57%"
"31.01.2018","12,29","12,09","12,30","12,05","44,58M","2,42%"
"30.01.2018","12,00","12,15","12,35","12,00","42,99M","-2,36%"
"29.01.2018","12,29","12,44","12,48","12,04","49,76M","-0,57%"
"26.01.2018","12,36","11,66","12,36","11,65","61,36M","5,73%"
"25.01.2018","11,69","11,82","11,86","11,62","43,61M","-1,43%"
"24.01.2018","11,86","11,33","11,86","11,27","41,18M","4,68%"
"23.01.2018","11,33","11,39","11,41","11,28","37,07M","0,27%"
"22.01.2018","11,30","11,14","11,30","11,07","29,34M","2,63%"
"19.01.2018","11,01","11,16","11,22","10,98","41,87M","-1,43%"
"18.01.2018","11,17","11,35","11,41","11,09","61,87M","-1,33%"
"17.01.2018","11,32","10,79","11,32","10,73","49,24M","4,52%"
"16.01.2018","10,83","10,41","10,84","10,28","45,92M","3,93%"
"15.01.2018","10,42","10,58","10,71","10,41","30,62M","-1,61%"
"12.01.2018","10,59","10,54","10,68","10,51","33,52M","0,76%"
"11.01.2018","10,51","10,49","10,51","10,28","29,24M","1,25%"
"10.01.2018","10,38","10,45","10,52","10,25","40,37M","-0,95%"
"09.01.2018","10,48","10,60","10,66","10,41","32,37M","-0,95%"
"08.01.2018","10,58","10,77","10,83","10,56","40,91M","-0,75%"
"05.01.2018","10,66","10,62","10,73","10,58","41,66M","1,33%"
"04.01.2018","10,52","10,73","10,86","10,50","47,94M","-1,87%"
"03.01.2018","10,72","10,93","11,01","10,61","36,67M","-1,83%"
"02.01.2018","10,92","10,78","10,98","10,76","28,33M","1,87%"
"29.12.2017","10,72","10,68","10,79","10,66","24,43M","0,47%"
"28.12.2017","10,67","10,37","10,71","10,36","22,74M","3,39%"
"27.12.2017","10,32","10,24","10,36","10,20","15,16M","0,78%"
"26.12.2017","10,24","10,20","10,24","10,16","7,25M","0,69%"
"25.12.2017","10,17","10,17","10,22","10,12","5,56M","0,59%"
"22.12.2017","10,11","10,19","10,27","10,11","17,78M","-0,10%"
"21.12.2017","10,12","10,09","10,20","10,07","25,61M","0,90%"
"20.12.2017","10,03","10,08","10,11","9,99","27,72M","-0,40%"
"19.12.2017","10,07","10,21","10,29","10,05","23,24M","-1,18%"
"18.12.2017","10,19","10,06","10,29","10,05","40,56M","1,60%"
"15.12.2017","10,03","10,17","10,17","10,03","30,93M","-1,38%"
"14.12.2017","10,17","10,10","10,20","9,97","53,66M","2,73%"
"13.12.2017","9,90","10,10","10,11","9,89","34,23M","-1,59%"
"12.12.2017","10,06","10,08","10,15","9,94","30,45M","-0,40%"
"11.12.2017","10,10","10,20","10,27","10,06","33,43M","0,50%"
"08.12.2017","10,05","9,86","10,12","9,81","50,38M","2,13%"
"07.12.2017","9,84","9,78","9,86","9,69","30,01M","0,72%"
"06.12.2017","9,77","9,93","9,96","9,75","33,37M","-1,61%"
"05.12.2017","9,93","9,80","9,98","9,74","47,20M","2,37%"
"04.12.2017","9,70","9,45","9,77","9,45","35,75M","2,32%"
"01.12.2017","9,48","9,58","9,63","9,38","46,55M","-1,35%"
"30.11.2017","9,61","9,46","9,82","9,36","74,50M","3,00%"
"29.11.2017","9,33","9,25","9,43","9,16","42,05M","1,30%"
"28.11.2017","9,21","9,55","10,00","9,21","111,70M","-3,46%"
"27.11.2017","9,54","9,49","9,65","9,40","62,94M","0,63%"
"24.11.2017","9,48","9,53","9,65","9,42","60,10M","-0,94%"
"23.11.2017","9,57","9,90","9,98","9,46","79,90M","-2,84%"
"22.11.2017","9,85","9,66","9,90","9,48","102,45M","1,97%"
"21.11.2017","9,66","9,56","9,74","9,45","90,55M","0,00%"
"20.11.2017","9,66","9,99","10,00","9,62","54,38M","-3,11%"
"17.11.2017","9,97","10,30","10,34","9,97","45,89M","-2,45%"
"16.11.2017","10,22","10,33","10,40","10,17","28,03M","-0,97%"
"15.11.2017","10,32","10,51","10,62","10,26","26,50M","-2,27%"
"14.11.2017","10,56","10,24","10,62","10,08","44,72M","3,33%"
"13.11.2017","10,22","10,13","10,35","9,94","45,58M","1,39%"
"10.11.2017","10,08","10,15","10,19","10,00","34,38M","-0,69%"
"09.11.2017","10,15","10,46","10,47","10,11","45,96M","-2,22%"
"08.11.2017","10,38","10,53","10,58","10,29","37,24M","-0,86%"
"07.11.2017","10,47","10,80","10,89","10,47","41,92M","-3,32%"
"06.11.2017","10,83","10,63","11,03","10,55","39,02M","2,36%"
"03.11.2017","10,58","10,80","10,86","10,45","42,69M","-2,49%"
"02.11.2017","10,85","10,96","11,10","10,75","36,92M","0,09%"
"01.11.2017","10,84","10,45","10,97","10,42","51,68M","3,93%"
"31.10.2017","10,43","10,13","10,44","10,10","43,37M","3,17%"
"30.10.2017","10,11","10,19","10,28","10,11","33,47M","0,10%"
"27.10.2017","10,10","9,80","10,10","9,79","52,81M","2,64%"
"26.10.2017","9,84","10,08","10,11","9,84","52,34M","-2,67%"
"25.10.2017","10,11","9,95","10,16","9,95","40,97M","2,12%"
"24.10.2017","9,90","10,04","10,14","9,87","47,47M","-0,80%"
"23.10.2017","9,98","10,32","10,33","9,98","45,46M","-3,85%"
"20.10.2017","10,38","10,40","10,48","10,30","33,22M","-0,38%"
"19.10.2017","10,42","10,25","10,43","10,22","32,53M","2,16%"
"18.10.2017","10,20","10,31","10,32","10,17","38,60M","-0,68%"
"17.10.2017","10,27","10,23","10,38","10,21","38,19M","0,39%"
"16.10.2017","10,23","10,17","10,31","10,14","50,44M","0,79%"
"13.10.2017","10,15","10,02","10,19","9,93","43,36M","1,30%"
"12.10.2017","10,02","10,04","10,08","9,86","31,44M","1,21%"
"11.10.2017","9,90","9,77","10,05","9,75","46,87M","0,92%"
"10.10.2017","9,81","9,74","9,85","9,66","39,60M","2,19%"
"09.10.2017","9,60","9,48","9,61","9,41","42,20M","-2,83%"
"06.10.2017","9,88","9,85","9,92","9,82","19,10M","-0,20%"
"05.10.2017","9,90","10,04","10,05","9,89","19,24M","-0,90%"
"04.10.2017","9,99","9,82","10,03","9,82","36,43M","2,57%"
"03.10.2017","9,74","9,79","9,87","9,72","36,34M","-0,31%"
"02.10.2017","9,77","9,69","9,85","9,67","29,40M","0,93%"
"29.09.2017","9,68","9,89","9,89","9,68","61,90M","-1,53%"
"28.09.2017","9,83","9,65","9,89","9,62","51,65M","2,29%"
"27.09.2017","9,61","10,21","10,23","9,61","65,61M","-5,88%"
"26.09.2017","10,21","10,04","10,25","9,97","35,72M","2,20%"
"25.09.2017","9,99","10,19","10,19","9,96","27,26M","-2,35%"
"22.09.2017","10,23","10,18","10,23","10,11","32,92M","0,89%"
"21.09.2017","10,14","10,40","10,43","10,14","45,66M","-2,87%"
"20.09.2017","10,44","10,38","10,44","10,29","23,55M","1,06%"
"19.09.2017","10,33","10,58","10,59","10,31","28,07M","-2,27%"
"18.09.2017","10,57","10,59","10,60","10,51","16,71M","0,09%"
"15.09.2017","10,56","10,56","10,61","10,50","24,55M","0,09%"
"14.09.2017","10,55","10,45","10,62","10,39","32,50M","1,15%"
"13.09.2017","10,43","10,44","10,50","10,41","29,33M","-0,29%"
"12.09.2017","10,46","10,48","10,50","10,39","36,04M","-0,10%"
"11.09.2017","10,47","10,49","10,57","10,46","37,04M","0,29%"
"08.09.2017","10,44","10,63","10,66","10,44","40,00M","-2,16%"
"07.09.2017","10,67","10,58","10,69","10,57","23,32M","0,76%"
"06.09.2017","10,59","10,55","10,64","10,48","28,43M","0,47%"
"05.09.2017","10,54","10,82","10,82","10,53","42,44M","-1,86%"
"31.08.2017","10,74","10,80","10,81","10,70","9,75M","-0,46%"
"29.08.2017","10,79","10,94","10,94","10,77","24,96M","-1,37%"
"28.08.2017","10,94","11,00","11,00","10,89","12,81M","-0,09%"
"25.08.2017","10,95","10,74","11,00","10,73","32,00M","1,96%"
"24.08.2017","10,74","10,68","10,84","10,67","33,03M","0,85%"
"23.08.2017","10,65","10,75","10,78","10,65","21,25M","-0,65%"
"22.08.2017","10,72","10,81","10,84","10,72","22,13M","-0,74%"
"21.08.2017","10,80","10,53","10,80","10,51","34,17M","2,37%"
"18.08.2017","10,55","10,61","10,61","10,43","30,40M","-0,66%"
"17.08.2017","10,62","10,58","10,68","10,55","44,82M","0,66%"
"16.08.2017","10,55","10,61","10,68","10,41","34,50M","-0,28%"
"15.08.2017","10,58","10,85","10,86","10,53","29,49M","-2,04%"
"14.08.2017","10,80","10,58","10,80","10,58","20,42M","3,05%"
"11.08.2017","10,48","10,57","10,61","10,44","30,13M","-1,23%"
"10.08.2017","10,61","10,81","10,86","10,61","29,20M","-1,67%"
"09.08.2017","10,79","10,89","10,89","10,76","29,76M","-1,37%"
"08.08.2017","10,94","10,86","10,94","10,82","28,85M","1,11%"
"07.08.2017","10,82","10,70","10,86","10,70","26,05M","1,79%"
"04.08.2017","10,63","10,50","10,63","10,46","33,37M","1,43%"
"03.08.2017","10,48","10,55","10,56","10,45","20,74M","-0,66%"
"02.08.2017","10,55","10,53","10,57","10,41","24,98M","0,29%"
"01.08.2017","10,52","10,60","10,66","10,46","41,20M","-0,19%"
"31.07.2017","10,54","10,59","10,60","10,46","21,93M","-0,38%"
"28.07.2017","10,58","10,68","10,68","10,56","22,82M","-0,94%"
"27.07.2017","10,68","10,51","10,68","10,51","36,89M","2,20%"
"26.07.2017","10,45","10,49","10,50","10,40","21,37M","-0,10%"
"25.07.2017","10,46","10,50","10,55","10,43","36,55M","0,19%"
"24.07.2017","10,44","10,49","10,53","10,38","32,39M","-0,19%"
"21.07.2017","10,46","10,45","10,50","10,37","24,62M","0,10%"
"20.07.2017","10,45","10,57","10,57","10,42","35,70M","-1,04%"
"19.07.2017","10,56","10,41","10,59","10,39","53,94M","2,03%"
"18.07.2017","10,35","10,43","10,43","10,30","36,63M","-0,86%"
"17.07.2017","10,44","10,43","10,48","10,34","30,84M","0,19%"
"14.07.2017","10,42","10,28","10,42","10,28","18,51M","1,66%"
"13.07.2017","10,25","10,36","10,42","10,23","38,98M","-0,97%"
"12.07.2017","10,35","10,35","10,48","10,28","43,36M","-0,58%"
"11.07.2017","10,41","9,93","10,45","9,91","69,98M","4,73%"
"10.07.2017","9,94","9,92","9,97","9,90","21,03M","0,81%"
"07.07.2017","9,86","9,86","9,91","9,82","42,12M","0,10%"
"06.07.2017","9,85","9,92","9,97","9,80","44,86M","-0,61%"
"05.07.2017","9,91","10,03","10,03","9,91","24,93M","-1,29%"
"04.07.2017","10,04","9,87","10,04","9,85","36,26M","1,72%"
"03.07.2017","9,87","9,82","9,93","9,82","30,75M","0,82%"
"30.06.2017","9,79","9,84","9,91","9,79","37,07M","-0,81%"
"29.06.2017","9,87","9,95","9,97","9,82","36,28M","-0,60%"
"28.06.2017","9,93","9,72","9,93","9,71","41,88M","2,27%"
"23.06.2017","9,71","9,79","9,82","9,71","27,43M","-0,92%"
"22.06.2017","9,80","9,80","9,81","9,74","30,29M","0,51%"
"21.06.2017","9,75","9,74","9,79","9,69","25,06M","0,00%"
"20.06.2017","9,75","9,80","9,84","9,70","44,15M","0,00%"
"19.06.2017","9,75","9,61","9,76","9,61","41,93M","1,99%"
"16.06.2017","9,56","9,65","9,70","9,55","38,21M","-0,73%"
"15.06.2017","9,63","9,66","9,70","9,60","32,54M","-0,72%"
"14.06.2017","9,70","9,64","9,73","9,61","45,01M","0,83%"
"13.06.2017","9,62","9,75","9,77","9,59","58,73M","-0,93%"
"12.06.2017","9,71","9,61","9,73","9,59","51,39M","1,15%"
"09.06.2017","9,60","9,56","9,68","9,54","50,51M","0,84%"
"08.06.2017","9,52","9,59","9,60","9,49","49,75M","-0,63%"
"07.06.2017","9,58","9,61","9,67","9,52","61,11M","-0,31%"
"06.06.2017","9,61","9,56","9,66","9,50","57,05M","0,73%"
"05.06.2017","9,54","9,66","9,71","9,49","67,92M","-1,04%"
"02.06.2017","9,64","9,61","9,64","9,54","47,63M","1,47%"
"01.06.2017","9,50","9,63","9,64","9,47","64,67M","-1,04%"
"31.05.2017","9,60","9,58","9,70","9,55","73,31M","0,73%"
"30.05.2017","9,53","9,64","9,66","9,49","48,66M","-1,14%"
"29.05.2017","9,64","9,64","9,69","9,62","25,74M","0,21%"
"26.05.2017","9,62","9,72","9,75","9,62","49,77M","-0,93%"
"25.05.2017","9,71","9,78","9,78","9,67","49,60M","-0,61%"
"24.05.2017","9,77","9,68","9,94","9,68","76,08M","0,83%"
"23.05.2017","9,69","9,52","9,70","9,52","64,07M","1,57%"
"22.05.2017","9,54","9,55","9,61","9,53","51,92M","0,95%"
"18.05.2017","9,45","9,45","9,49","9,35","48,46M","-0,42%"
"17.05.2017","9,49","9,39","9,56","9,36","84,10M","0,74%"
"16.05.2017","9,42","9,40","9,53","9,38","68,77M","0,75%"
"15.05.2017","9,35","9,38","9,40","9,31","48,72M","0,54%"
"12.05.2017","9,30","9,37","9,42","9,26","67,82M","-0,53%"
"11.05.2017","9,35","9,62","9,62","9,33","82,72M","-2,40%"
"10.05.2017","9,58","9,51","9,59","9,46","67,33M","0,21%"
"09.05.2017","9,56","9,35","9,56","9,35","71,04M","2,14%"
"08.05.2017","9,36","9,49","9,52","9,36","57,27M","-0,95%"
"05.05.2017","9,45","9,37","9,49","9,35","63,41M","0,85%"
"04.05.2017","9,37","9,49","9,55","9,34","78,88M","-1,06%"
"03.05.2017","9,47","9,61","9,65","9,43","73,06M","-1,46%"
"02.05.2017","9,61","9,65","9,71","9,55","64,70M","0,21%"
"28.04.2017","9,59","9,49","9,65","9,44","70,22M","1,27%"
"27.04.2017","9,47","9,70","9,70","9,46","78,72M","-1,97%"
"26.04.2017","9,66","9,68","9,79","9,62","93,50M","0,00%"
"25.04.2017","9,66","9,59","9,67","9,48","81,94M","1,26%"
"24.04.2017","9,54","9,45","9,55","9,39","81,37M","2,58%"
"21.04.2017","9,30","9,35","9,40","9,26","69,92M","0,32%"
"20.04.2017","9,27","9,28","9,38","9,23","89,90M","0,54%"
"19.04.2017","9,22","9,45","9,49","9,21","117,97M","-2,23%"
"18.04.2017","9,43","9,34","9,50","9,31","110,89M","0,53%"
"17.04.2017","9,38","9,41","9,51","9,27","75,49M","-0,21%"
"14.04.2017","9,40","9,12","9,42","9,08","44,82M","2,96%"
"13.04.2017","9,13","9,29","9,32","9,06","50,70M","-1,30%"
"12.04.2017","9,25","9,25","9,35","9,22","60,94M","0,43%"
"11.04.2017","9,21","9,33","9,42","9,21","88,59M","-1,29%"
"10.04.2017","9,33","8,80","9,35","8,79","113,04M","6,26%"
"07.04.2017","8,78","8,68","8,78","8,66","58,24M","0,92%"
"06.04.2017","8,70","8,70","8,72","8,65","39,56M","-0,57%"
"05.04.2017","8,75","8,71","8,75","8,65","50,72M","0,46%"
"04.04.2017","8,71","8,58","8,72","8,56","48,64M","1,52%"
"03.04.2017","8,58","8,60","8,64","8,56","31,93M","-0,12%"
"31.03.2017","8,59","8,66","8,71","8,57","43,29M","-0,81%"
"30.03.2017","8,66","8,66","8,70","8,63","32,54M","0,35%"
"29.03.2017","8,63","8,51","8,65","8,46","45,04M","-0,12%"
"28.03.2017","8,64","8,64","8,69","8,60","44,39M","0,58%"
"27.03.2017","8,59","8,65","8,67","8,55","48,47M","-0,69%"
"24.03.2017","8,65","8,46","8,65","8,44","62,33M","2,25%"
"23.03.2017","8,46","8,60","8,60","8,46","62,00M","-1,28%"
"22.03.2017","8,57","8,60","8,60","8,53","47,08M","-0,92%"
"21.03.2017","8,65","8,82","8,83","8,65","61,44M","-1,59%"
"20.03.2017","8,79","8,64","8,79","8,61","37,54M","1,62%"
"17.03.2017","8,65","8,72","8,79","8,64","56,83M","-0,23%"
"16.03.2017","8,67","8,70","8,75","8,64","65,00M","0,81%"
"15.03.2017","8,60","8,57","8,66","8,57","53,90M","0,58%"
"14.03.2017","8,55","8,64","8,64","8,54","41,44M","-0,93%"
"13.03.2017","8,63","8,64","8,67","8,58","39,14M","-0,46%"
"10.03.2017","8,67","8,55","8,67","8,53","50,17M","2,12%"
"09.03.2017","8,49","8,56","8,59","8,42","69,86M","-1,05%"
"08.03.2017","8,58","8,77","8,80","8,55","84,64M","-2,05%"
"07.03.2017","8,76","8,80","8,80","8,72","64,75M","0,00%"
"06.03.2017","8,76","8,65","8,80","8,65","65,95M","1,74%"
"03.03.2017","8,61","8,68","8,69","8,57","79,26M","-0,81%"
"02.03.2017","8,68","8,65","8,73","8,62","84,97M","0,58%"
"01.03.2017","8,63","8,39","8,64","8,37","107,84M","3,35%"
"28.02.2017","8,35","8,38","8,40","8,30","89,73M","-0,24%"
"27.02.2017","8,37","8,44","8,48","8,36","60,00M","-0,59%"
"24.02.2017","8,42","8,57","8,60","8,38","74,56M","-1,52%"
"23.02.2017","8,55","8,56","8,63","8,53","88,50M","0,35%"
"22.02.2017","8,52","8,69","8,74","8,45","114,26M","-2,52%"
"21.02.2017","8,74","8,67","8,80","8,66","69,61M","1,04%"
"20.02.2017","8,65","8,83","8,84","8,65","92,72M","-1,14%"
"17.02.2017","8,75","8,61","8,77","8,59","74,24M","1,51%"
"16.02.2017","8,62","8,57","8,63","8,55","70,86M","1,41%"
"15.02.2017","8,50","8,56","8,66","8,45","122,77M","-0,35%"
"14.02.2017","8,53","8,60","8,60","8,40","109,60M","-0,23%"
"13.02.2017","8,55","8,39","8,59","8,37","70,63M","2,27%"
"10.02.2017","8,36","8,61","8,66","8,36","107,58M","-2,68%"
"09.02.2017","8,59","8,48","8,62","8,44","103,79M","1,42%"
"08.02.2017","8,47","8,38","8,51","8,36","95,96M","1,44%"
"07.02.2017","8,35","8,33","8,41","8,26","147,16M","0,12%"
"06.02.2017","8,34","8,66","8,76","8,32","133,66M","-2,57%"
"03.02.2017","8,56","8,25","8,56","8,23","112,40M","3,38%"
"02.02.2017","8,28","8,15","8,29","8,14","104,31M","2,10%"
"01.02.2017","8,11","8,07","8,13","7,98","105,29M","0,62%"
"31.01.2017","8,06","7,98","8,10","7,92","149,70M","1,00%"
"30.01.2017","7,98","7,65","8,02","7,64","167,46M","4,18%"
"27.01.2017","7,66","7,60","7,67","7,58","71,51M","0,52%"
"26.01.2017","7,62","7,51","7,65","7,47","122,81M","1,87%"
"25.01.2017","7,48","7,60","7,60","7,46","114,39M","-1,58%"
"24.01.2017","7,60","7,59","7,64","7,49","176,19M","0,40%"
"23.01.2017","7,57","7,69","7,71","7,57","81,48M","-1,17%"
"20.01.2017","7,66","7,57","7,67","7,52","102,11M","1,32%"
"19.01.2017","7,56","7,66","7,70","7,53","107,54M","-1,18%"
"18.01.2017","7,65","7,68","7,72","7,63","107,12M","-0,13%"
"17.01.2017","7,66","7,59","7,67","7,50","142,46M","1,46%"
"16.01.2017","7,55","7,65","7,71","7,55","112,40M","-1,31%"
"13.01.2017","7,65","7,63","7,66","7,54","163,35M","-0,13%"
"12.01.2017","7,66","7,27","7,68","7,25","237,42M","5,95%"
"11.01.2017","7,23","7,18","7,26","7,11","96,97M","0,70%"
"10.01.2017","7,18","7,28","7,33","7,17","102,13M","-1,51%"
"09.01.2017","7,29","7,19","7,31","7,18","77,57M","0,97%"
"06.01.2017","7,22","7,16","7,26","7,14","76,88M","0,70%"
"05.01.2017","7,17","7,23","7,28","7,11","115,06M","-0,42%"
"04.01.2017","7,20","7,31","7,32","7,17","69,64M","-1,10%"
"03.01.2017","7,28","7,37","7,40","7,26","96,68M","-1,09%"
"02.01.2017","7,36","7,37","7,39","7,34","24,48M","-0,27%"
"30.12.2016","7,38","7,40","7,40","7,36","25,25M","0,00%"
"29.12.2016","7,38","7,39","7,42","7,36","33,96M","-0,27%"
"28.12.2016","7,40","7,33","7,41","7,29","46,35M","1,09%"
"27.12.2016","7,32","7,39","7,41","7,29","24,49M","-0,68%"
"26.12.2016","7,37","7,38","7,41","7,37","10,41M","0,00%"
"23.12.2016","7,37","7,51","7,53","7,36","56,18M","-1,73%"
"22.12.2016","7,50","7,54","7,59","7,49","69,14M","-0,27%"
"21.12.2016","7,52","7,51","7,59","7,50","83,79M","0,53%"
"20.12.2016","7,48","7,37","7,50","7,36","70,46M","1,22%"
"19.12.2016","7,39","7,49","7,56","7,39","59,38M","-1,20%"
"16.12.2016","7,48","7,50","7,51","7,43","69,26M","-0,13%"
"15.12.2016","7,49","7,31","7,49","7,29","121,29M","1,77%"
"14.12.2016","7,36","7,40","7,41","7,34","53,73M","-0,54%"
"13.12.2016","7,40","7,27","7,40","7,25","107,61M","2,07%"
"12.12.2016","7,25","7,22","7,25","7,14","72,00M","0,00%"
"09.12.2016","7,25","7,31","7,33","7,23","55,73M","-0,41%"
"08.12.2016","7,28","7,36","7,39","7,23","115,83M","-0,68%"
"07.12.2016","7,33","7,30","7,35","7,25","112,40M","0,41%"
"06.12.2016","7,30","7,13","7,30","7,13","101,43M","2,96%"
"05.12.2016","7,09","7,04","7,17","7,03","99,33M","-0,28%"
"02.12.2016","7,11","7,00","7,14","6,91","99,96M","1,86%"
"01.12.2016","6,98","7,06","7,06","6,93","71,07M","-1,13%"
"30.11.2016","7,06","7,13","7,17","7,03","82,77M","-0,70%"
"29.11.2016","7,11","7,17","7,21","7,09","101,80M","-1,11%"
"28.11.2016","7,19","7,16","7,22","7,14","85,08M","1,27%"
"25.11.2016","7,10","7,07","7,13","7,02","123,74M","0,14%"
"24.11.2016","7,09","7,24","7,32","7,06","208,29M","-2,07%"
"23.11.2016","7,24","7,42","7,44","7,24","105,50M","-1,90%"
"22.11.2016","7,38","7,39","7,46","7,35","100,97M","0,00%"
"21.11.2016","7,38","7,49","7,50","7,37","79,58M","-1,07%"
"18.11.2016","7,46","7,38","7,49","7,31","107,77M","0,81%"
"17.11.2016","7,40","7,38","7,46","7,36","82,94M","0,41%"
"16.11.2016","7,37","7,47","7,48","7,36","89,18M","-1,07%"
"15.11.2016","7,45","7,37","7,47","7,37","91,09M","1,36%"
"14.11.2016","7,35","7,43","7,44","7,35","83,70M","-0,54%"
"11.11.2016","7,39","7,51","7,54","7,38","103,51M","-1,73%"
"10.11.2016","7,52","7,61","7,65","7,52","101,53M","0,00%"
"09.11.2016","7,52","7,33","7,54","7,32","142,93M","-0,13%"
"08.11.2016","7,53","7,53","7,55","7,42","147,41M","0,00%"
"07.11.2016","7,53","7,59","7,61","7,50","137,12M","1,48%"
"04.11.2016","7,42","7,67","7,71","7,40","130,77M","-4,87%"
"03.11.2016","7,80","7,90","7,94","7,79","78,39M","-1,14%"
"02.11.2016","7,89","7,97","8,01","7,89","93,87M","-1,13%"
"01.11.2016","7,98","8,20","8,23","7,93","81,91M","-2,09%"
"31.10.2016","8,15","8,07","8,17","8,04","46,35M","1,62%"
"28.10.2016","8,02","8,01","8,05","7,99","20,18M","-0,37%"
"27.10.2016","8,05","8,14","8,16","8,03","56,47M","-1,35%"
"26.10.2016","8,16","8,06","8,17","8,06","78,89M","1,24%"
"25.10.2016","8,06","8,09","8,15","8,04","62,93M","-0,37%"
"24.10.2016","8,09","8,02","8,10","8,00","65,79M","1,51%"
"21.10.2016","7,97","7,99","7,99","7,93","38,01M","-0,13%"
"20.10.2016","7,98","7,97","8,05","7,93","95,61M","0,25%"
"19.10.2016","7,96","7,94","7,97","7,91","54,76M","0,76%"
"18.10.2016","7,90","7,76","7,90","7,76","92,02M","2,60%"
"17.10.2016","7,70","7,74","7,76","7,66","65,68M","-0,77%"
"14.10.2016","7,76","7,64","7,77","7,60","80,38M","1,84%"
"13.10.2016","7,62","7,78","7,79","7,61","94,99M","-2,06%"
"12.10.2016","7,78","7,82","7,86","7,75","71,30M","-0,13%"
"11.10.2016","7,79","7,80","7,82","7,76","70,61M","-0,38%"
"10.10.2016","7,82","7,86","7,89","7,80","59,56M","0,13%"
"07.10.2016","7,81","7,81","7,90","7,78","82,70M","0,00%"
"06.10.2016","7,81","7,86","7,91","7,81","73,19M","-0,13%"
"05.10.2016","7,82","7,74","7,87","7,70","76,25M","0,51%"
"04.10.2016","7,78","7,84","7,86","7,75","82,22M","-0,51%"
"03.10.2016","7,82","7,76","7,87","7,75","67,97M","1,56%"
"30.09.2016","7,70","7,73","7,76","7,65","83,48M","-1,16%"
"29.09.2016","7,79","7,96","7,97","7,79","82,81M","-1,77%"
"28.09.2016","7,93","7,82","7,95","7,82","83,42M","1,67%"
"27.09.2016","7,80","7,72","7,85","7,68","124,00M","1,69%"
"26.09.2016","7,67","7,74","7,80","7,60","139,35M","-5,66%"
"23.09.2016","8,13","8,23","8,26","8,12","68,81M","-1,22%"
"22.09.2016","8,23","8,12","8,26","8,10","105,32M","3,00%"
"21.09.2016","7,99","8,00","8,06","7,95","79,41M","0,25%"
"20.09.2016","7,97","8,04","8,04","7,94","74,76M","-0,99%"
"19.09.2016","8,05","7,91","8,06","7,89","60,17M","2,94%"
"16.09.2016","7,82","7,87","7,96","7,81","70,61M","-0,13%"
"09.09.2016","7,83","7,91","7,94","7,79","84,39M","-1,39%"
"08.09.2016","7,94","7,89","7,98","7,86","89,62M","1,02%"
"07.09.2016","7,86","7,89","7,89","7,83","47,23M","0,13%"
"06.09.2016","7,85","7,87","7,92","7,82","70,40M","0,00%"
"05.09.2016","7,85","7,72","7,85","7,71","73,20M","2,35%"
"02.09.2016","7,67","7,42","7,67","7,40","111,93M","3,79%"
"01.09.2016","7,39","7,43","7,49","7,37","74,79M","0,00%"
"31.08.2016","7,39","7,34","7,43","7,32","68,75M","0,68%"
"29.08.2016","7,34","7,48","7,50","7,34","60,73M","-2,65%"
"26.08.2016","7,54","7,41","7,57","7,35","63,08M","1,62%"
"25.08.2016","7,42","7,34","7,46","7,34","96,09M","1,37%"
"24.08.2016","7,32","7,40","7,41","7,27","133,56M","-2,79%"
"23.08.2016","7,53","7,62","7,66","7,53","83,88M","-0,79%"
"22.08.2016","7,59","7,59","7,63","7,53","68,36M","-0,91%"
"19.08.2016","7,66","7,64","7,66","7,55","64,06M","0,26%"
"18.08.2016","7,64","7,68","7,69","7,60","59,22M","0,53%"
"17.08.2016","7,60","7,56","7,66","7,54","84,86M","0,80%"
"16.08.2016","7,54","7,66","7,72","7,53","87,44M","-1,31%"
"15.08.2016","7,64","7,61","7,68","7,60","49,67M","0,92%"
"12.08.2016","7,57","7,66","7,70","7,54","66,80M","-1,05%"
"11.08.2016","7,65","7,44","7,66","7,41","96,21M","2,96%"
"10.08.2016","7,43","7,67","7,69","7,43","117,68M","-3,00%"
"09.08.2016","7,66","7,63","7,74","7,59","105,79M","0,39%"
"08.08.2016","7,63","7,58","7,66","7,54","89,62M","3,53%"
"05.08.2016","7,37","7,31","7,43","7,29","112,05M","1,10%"
"04.08.2016","7,29","7,06","7,29","7,03","146,27M","3,40%"
"03.08.2016","7,05","7,14","7,16","7,03","76,16M","-1,54%"
"02.08.2016","7,16","7,26","7,29","7,14","83,82M","-1,51%"
"01.08.2016","7,27","7,19","7,27","7,18","82,98M","2,39%"
"29.07.2016","7,10","7,09","7,16","7,01","96,52M","0,57%"
"28.07.2016","7,06","7,12","7,15","7,00","91,57M","-0,14%"
"27.07.2016","7,07","6,96","7,08","6,95","119,44M","1,87%"
"26.07.2016","6,94","7,12","7,14","6,92","126,82M","-1,70%"
"25.07.2016","7,06","6,91","7,10","6,91","133,53M","3,07%"
"22.07.2016","6,85","6,89","6,94","6,71","169,92M","0,74%"
"21.07.2016","6,80","7,03","7,04","6,79","199,93M","-3,82%"
"20.07.2016","7,07","7,34","7,36","7,06","214,38M","-2,75%"
"19.07.2016","7,27","7,33","7,62","7,26","224,82M","-2,28%"
"18.07.2016","7,44","8,06","8,06","7,17","257,04M","-8,82%"
"15.07.2016","8,16","8,09","8,17","8,04","78,00M","0,74%"
"14.07.2016","8,10","8,00","8,11","7,91","112,55M","1,76%"
"13.07.2016","7,96","7,99","8,05","7,93","106,58M","-0,25%"
"12.07.2016","7,98","7,75","7,98","7,74","108,10M","3,10%"
"11.07.2016","7,74","7,66","7,75","7,66","60,49M","2,11%"
"08.07.2016","7,58","7,54","7,60","7,47","54,73M","0,53%"
"04.07.2016","7,54","7,46","7,54","7,45","15,34M","1,21%"
"01.07.2016","7,45","7,39","7,47","7,39","59,65M","1,50%"
"30.06.2016","7,34","7,38","7,44","7,34","87,01M","-0,27%"
"29.06.2016","7,36","7,49","7,52","7,36","108,23M","-1,60%"
"28.06.2016","7,48","7,37","7,50","7,36","96,94M","2,47%"
"27.06.2016","7,30","7,33","7,39","7,27","123,87M","0,00%"
"24.06.2016","7,30","7,20","7,34","7,14","146,56M","-4,58%"
"23.06.2016","7,65","7,55","7,71","7,49","118,80M","1,46%"
"22.06.2016","7,54","7,51","7,56","7,46","66,30M","0,67%"
"21.06.2016","7,49","7,52","7,56","7,47","77,27M","-0,40%"
"20.06.2016","7,52","7,38","7,52","7,37","83,65M","3,58%"
"17.06.2016","7,26","7,29","7,33","7,23","78,92M","0,97%"
"16.06.2016","7,19","7,24","7,29","7,19","68,87M","-1,37%"
"15.06.2016","7,29","7,30","7,35","7,26","80,59M","0,83%"
"14.06.2016","7,23","7,23","7,34","7,14","123,15M","-0,28%"
"13.06.2016","7,25","7,25","7,28","7,14","108,19M","-0,68%"
"10.06.2016","7,30","7,37","7,42","7,26","109,30M","-0,95%"
"09.06.2016","7,37","7,48","7,52","7,34","99,59M","-1,60%"
"08.06.2016","7,49","7,37","7,50","7,28","123,38M","2,04%"
"07.06.2016","7,34","7,46","7,53","7,32","106,89M","-1,08%"
"06.06.2016","7,42","7,39","7,46","7,36","95,49M","1,09%"
"03.06.2016","7,34","7,11","7,37","7,11","120,83M","3,38%"
"02.06.2016","7,10","7,18","7,23","7,09","90,63M","-0,98%"
"01.06.2016","7,17","7,34","7,36","7,17","94,94M","-2,18%"
"31.05.2016","7,33","7,37","7,44","7,32","108,27M","-0,14%"
"30.05.2016","7,34","7,30","7,37","7,28","49,71M","0,41%"
"27.05.2016","7,31","7,33","7,38","7,27","86,01M","-0,14%"
"26.05.2016","7,32","7,30","7,39","7,24","141,50M","-0,27%"
"25.05.2016","7,34","7,50","7,58","7,34","145,11M","-1,74%"
"24.05.2016","7,47","7,12","7,52","7,09","204,58M","4,33%"
"23.05.2016","7,16","7,03","7,17","6,97","104,59M","1,85%"
"20.05.2016","7,03","7,22","7,26","7,03","134,48M","-2,63%"
"18.05.2016","7,22","7,18","7,25","7,11","146,62M","-0,28%"
"17.05.2016","7,24","7,16","7,27","7,08","129,40M","1,83%"
"16.05.2016","7,11","7,33","7,35","7,10","88,55M","-2,34%"
"13.05.2016","7,28","7,22","7,37","7,20","108,25M","0,00%"
"12.05.2016","7,28","7,33","7,42","7,27","123,51M","-0,82%"
"11.05.2016","7,34","7,33","7,36","7,23","134,68M","0,27%"
"10.05.2016","7,32","7,35","7,43","7,27","103,80M","-0,14%"
"09.05.2016","7,33","7,31","7,39","7,27","116,27M","1,38%"
"06.05.2016","7,23","7,38","7,39","7,03","290,51M","-1,77%"
"05.05.2016","7,36","7,55","7,60","7,34","256,33M","-4,17%"
"04.05.2016","7,68","7,89","7,97","7,67","175,05M","-2,66%"
"03.05.2016","7,89","8,25","8,29","7,83","163,66M","-4,01%"
"02.05.2016","8,22","8,32","8,33","8,19","51,84M","-1,56%"
"29.04.2016","8,35","8,37","8,41","8,29","68,94M","0,00%"
"28.04.2016","8,35","8,26","8,36","8,16","113,71M","1,21%"
"27.04.2016","8,25","8,27","8,32","8,24","54,56M","0,00%"
"26.04.2016","8,25","8,08","8,27","8,05","80,18M","2,48%"
"25.04.2016","8,05","8,05","8,12","7,99","95,34M","-0,12%"
"22.04.2016","8,06","8,28","8,29","8,05","87,79M","-2,30%"
"21.04.2016","8,25","8,39","8,43","8,19","75,86M","-0,96%"
"20.04.2016","8,33","8,36","8,51","8,30","106,19M","-0,83%"
"19.04.2016","8,40","8,36","8,42","8,31","79,99M","0,84%"
"18.04.2016","8,33","8,10","8,33","8,03","115,75M","2,71%"
"15.04.2016","8,11","7,96","8,11","7,94","92,17M","2,01%"
"14.04.2016","7,95","7,96","8,00","7,89","94,67M","0,00%"
"13.04.2016","7,95","7,84","7,97","7,80","118,92M","2,05%"
"12.04.2016","7,79","7,89","7,91","7,72","109,02M","-1,52%"
"11.04.2016","7,91","7,82","7,93","7,79","75,87M","1,15%"
"08.04.2016","7,82","7,70","7,86","7,63","77,29M","1,82%"
"07.04.2016","7,68","7,80","7,84","7,66","84,19M","-0,78%"
"06.04.2016","7,74","7,93","7,94","7,72","89,12M","-2,15%"
"05.04.2016","7,91","7,94","7,94","7,81","92,26M","-1,00%"
"04.04.2016","7,99","7,74","7,99","7,71","93,27M","3,90%"
"01.04.2016","7,69","7,83","7,84","7,65","80,08M","-2,16%"
"31.03.2016","7,86","7,74","7,89","7,71","74,43M","1,68%"
"30.03.2016","7,73","7,61","7,74","7,60","90,42M","2,66%"
"29.03.2016","7,53","7,64","7,65","7,53","68,44M","-1,05%"
"28.03.2016","7,61","7,60","7,63","7,53","37,98M","0,26%"
"25.03.2016","7,59","7,61","7,65","7,58","25,37M","-0,26%"
"24.03.2016","7,61","7,39","7,62","7,37","103,06M","2,70%"
"23.03.2016","7,41","7,35","7,42","7,30","126,81M","0,41%"
"22.03.2016","7,38","7,46","7,46","7,25","156,03M","-1,47%"
"21.03.2016","7,49","7,49","7,51","7,43","140,53M","-0,13%"
"18.03.2016","7,50","7,37","7,50","7,34","115,32M","1,63%"
"17.03.2016","7,38","7,34","7,39","7,28","128,33M","2,36%"
"16.03.2016","7,21","7,21","7,23","7,12","69,71M","0,14%"
"15.03.2016","7,20","7,32","7,32","7,17","115,14M","-1,77%"
"14.03.2016","7,33","7,32","7,38","7,28","110,06M","-0,14%"
"11.03.2016","7,34","7,33","7,35","7,27","87,06M","1,10%"
"10.03.2016","7,26","7,29","7,38","7,22","164,30M","-0,41%"
"09.03.2016","7,29","7,16","7,29","7,14","117,73M","1,96%"
"08.03.2016","7,15","7,11","7,20","7,07","107,70M","0,14%"
"07.03.2016","7,14","7,14","7,21","7,11","113,37M","0,14%"
"04.03.2016","7,13","7,12","7,15","7,02","114,68M","0,14%"
"03.03.2016","7,12","7,16","7,20","7,08","102,33M","-0,14%"
"02.03.2016","7,13","7,08","7,16","7,06","110,63M","1,86%"
"01.03.2016","7,00","7,05","7,06","6,98","82,75M","-0,28%"
"29.02.2016","7,02","6,96","7,02","6,89","107,26M","0,29%"
"26.02.2016","7,00","7,06","7,13","6,96","116,98M","-0,28%"
"25.02.2016","7,02","6,99","7,08","6,94","132,59M","1,01%"
"24.02.2016","6,95","7,18","7,19","6,94","123,75M","-2,93%"
"23.02.2016","7,16","7,07","7,23","7,02","108,00M","1,13%"
"22.02.2016","7,08","6,86","7,08","6,84","94,74M","4,27%"
"19.02.2016","6,79","6,86","6,87","6,76","83,87M","-1,16%"
"18.02.2016","6,87","6,84","6,90","6,80","117,38M","0,15%"
"17.02.2016","6,86","6,67","6,86","6,64","127,19M","2,85%"
"16.02.2016","6,67","6,70","6,74","6,66","94,87M","0,30%"
"15.02.2016","6,65","6,67","6,74","6,57","143,29M","-0,30%"
"12.02.2016","6,67","6,77","6,79","6,66","127,53M","-0,74%"
"11.02.2016","6,72","6,72","6,73","6,61","158,21M","-0,59%"
"10.02.2016","6,76","6,75","6,81","6,66","130,94M","0,75%"
"09.02.2016","6,71","6,67","6,77","6,60","162,80M","-0,15%"
"08.02.2016","6,72","7,07","7,10","6,70","171,14M","-4,82%"
"05.02.2016","7,06","7,09","7,14","7,03","98,11M","-0,56%"
"04.02.2016","7,10","7,08","7,14","7,02","133,10M","1,72%"
"03.02.2016","6,98","6,86","7,06","6,83","116,60M","1,31%"
"02.02.2016","6,89","7,08","7,09","6,89","108,39M","-2,41%"
"01.02.2016","7,06","7,08","7,08","6,98","74,19M","-0,28%"
"29.01.2016","7,08","7,11","7,12","7,05","80,53M","0,85%"
"28.01.2016","7,02","7,02","7,10","6,99","114,65M","0,86%"
"27.01.2016","6,96","7,04","7,11","6,94","129,88M","-1,56%"
"26.01.2016","7,07","6,74","7,07","6,72","119,86M","4,28%"
"25.01.2016","6,78","6,78","6,83","6,72","91,98M","0,74%"
"22.01.2016","6,73","6,69","6,76","6,65","134,70M","1,82%"
"21.01.2016","6,61","6,69","6,73","6,57","140,81M","-1,20%"
"20.01.2016","6,69","6,77","6,81","6,67","103,00M","-2,19%"
"19.01.2016","6,84","6,91","6,94","6,81","126,41M","-0,15%"
"18.01.2016","6,85","6,91","6,92","6,83","76,92M","-0,44%"
"15.01.2016","6,88","6,87","6,92","6,75","131,20M","0,15%"
"14.01.2016","6,87","6,82","6,88","6,76","134,72M","0,44%"
"13.01.2016","6,84","6,84","6,90","6,82","121,60M","0,59%"
"12.01.2016","6,80","6,75","6,85","6,69","140,32M","0,44%"
"11.01.2016","6,77","6,65","6,84","6,62","121,39M","1,35%"
"08.01.2016","6,68","6,84","6,87","6,67","158,27M","-1,76%"
"07.01.2016","6,80","6,70","6,81","6,57","150,07M","0,44%"
"06.01.2016","6,77","6,58","6,78","6,54","134,10M","2,11%"
"05.01.2016","6,63","6,71","6,73","6,57","103,40M","-0,45%"
"04.01.2016","6,66","6,66","6,66","6,58","94,05M","-1,91%"
"31.12.2015","6,79","6,91","6,91","6,74","46,09M","-1,59%"
"30.12.2015","6,90","6,98","7,00","6,87","46,97M","-1,15%"
"29.12.2015","6,98","7,03","7,06","6,98","55,54M","-0,71%"
"28.12.2015","7,03","7,03","7,10","7,02","57,72M","0,57%"
"25.12.2015","6,99","7,01","7,01","6,97","11,62M","-0,29%"
"24.12.2015","7,01","7,06","7,07","7,00","45,86M","-0,28%"
"23.12.2015","7,03","7,03","7,09","7,02","103,17M","0,43%"
"22.12.2015","7,00","7,07","7,08","6,90","116,40M","-1,13%"
"21.12.2015","7,08","7,01","7,12","6,99","88,93M","1,72%"
"18.12.2015","6,96","6,98","7,05","6,92","96,74M","-0,43%"
"17.12.2015","6,99","7,10","7,12","6,96","157,16M","-0,43%"
"16.12.2015","7,02","6,88","7,04","6,80","149,30M","1,74%"
"15.12.2015","6,90","6,58","6,96","6,53","179,41M","5,99%"
"14.12.2015","6,51","6,63","6,74","6,46","153,17M","-0,31%"
"11.12.2015","6,53","6,89","6,90","6,53","211,06M","-5,22%"
"10.12.2015","6,89","7,14","7,21","6,86","185,10M","-4,04%"
"09.12.2015","7,18","6,99","7,19","6,93","144,45M","3,01%"
"08.12.2015","6,97","6,98","7,07","6,93","141,77M","-0,29%"
"07.12.2015","6,99","7,04","7,09","6,92","140,17M","-0,57%"
"04.12.2015","7,03","7,18","7,20","6,96","139,67M","-1,26%"
"03.12.2015","7,12","7,26","7,34","7,09","132,45M","-1,52%"
"02.12.2015","7,23","7,35","7,39","7,20","150,22M","-0,41%"
"01.12.2015","7,26","7,01","7,26","7,01","121,03M","4,01%"
"30.11.2015","6,98","7,05","7,11","6,95","93,19M","-0,43%"
"27.11.2015","7,01","6,90","7,11","6,90","140,05M","1,59%"
"26.11.2015","6,90","7,13","7,15","6,90","144,95M","-3,63%"
"25.11.2015","7,16","7,17","7,21","7,06","207,12M","0,85%"
"24.11.2015","7,10","7,41","7,45","7,08","196,48M","-3,92%"
"23.11.2015","7,39","7,60","7,61","7,39","80,19M","-2,89%"
"20.11.2015","7,61","7,58","7,69","7,57","80,36M","0,26%"
"19.11.2015","7,59","7,63","7,66","7,55","85,23M","0,26%"
"18.11.2015","7,57","7,65","7,69","7,54","79,30M","-1,30%"
"17.11.2015","7,67","7,64","7,73","7,63","71,99M","0,92%"
"16.11.2015","7,60","7,63","7,67","7,60","70,62M","-1,04%"
"13.11.2015","7,68","7,70","7,72","7,64","110,92M","-0,39%"
"12.11.2015","7,71","7,74","7,75","7,61","104,79M","0,39%"
"11.11.2015","7,68","7,62","7,74","7,61","78,42M","1,45%"
"10.11.2015","7,57","7,66","7,69","7,56","87,30M","-0,39%"
"09.11.2015","7,60","7,58","7,69","7,53","82,47M","0,26%"
"06.11.2015","7,58","7,70","7,71","7,56","64,70M","-1,43%"
"05.11.2015","7,69","7,83","7,85","7,69","105,75M","-2,53%"
"04.11.2015","7,89","7,83","7,90","7,82","82,19M","1,28%"
"03.11.2015","7,79","7,91","7,94","7,77","139,33M","-1,39%"
"02.11.2015","7,90","7,82","7,90","7,72","157,15M","9,42%"
"30.10.2015","7,22","7,09","7,25","7,02","91,51M","1,40%"
"28.10.2015","7,12","7,18","7,19","7,09","25,47M","-1,11%"
"27.10.2015","7,20","7,22","7,22","7,12","101,39M","0,00%"
"26.10.2015","7,20","7,36","7,39","7,18","111,28M","-2,17%"
"23.10.2015","7,36","7,39","7,42","7,33","128,14M","0,55%"
"22.10.2015","7,32","7,23","7,34","7,23","124,83M","1,53%"
"21.10.2015","7,21","7,28","7,31","7,17","139,68M","-0,96%"
"20.10.2015","7,28","7,21","7,32","7,18","113,24M","1,11%"
"19.10.2015","7,20","7,11","7,27","7,10","128,36M","1,69%"
"16.10.2015","7,08","7,15","7,19","7,06","139,45M","-0,84%"
"15.10.2015","7,14","7,36","7,40","7,14","151,90M","-1,65%"
"14.10.2015","7,26","7,12","7,28","7,11","144,85M","2,11%"
"13.10.2015","7,11","7,23","7,27","7,08","140,60M","-1,66%"
"12.10.2015","7,23","7,25","7,31","7,21","117,56M","-0,96%"
"09.10.2015","7,30","7,34","7,41","7,29","160,84M","0,27%"
"08.10.2015","7,28","7,29","7,39","7,20","179,26M","-0,68%"
"07.10.2015","7,33","7,10","7,36","7,09","170,54M","4,27%"
"06.10.2015","7,03","7,00","7,08","6,98","137,91M","0,43%"
"05.10.2015","7,00","6,87","7,04","6,83","176,49M","3,86%"
"02.10.2015","6,74","6,84","6,86","6,70","161,22M","-1,32%"
"01.10.2015","6,83","6,75","6,85","6,73","154,56M","1,94%"
"30.09.2015","6,70","6,80","6,80","6,68","144,07M","-0,74%"
"29.09.2015","6,75","6,52","6,77","6,49","162,92M","2,74%"
"28.09.2015","6,57","6,74","6,79","6,57","122,38M","-2,23%"
"23.09.2015","6,72","6,76","6,79","6,72","33,08M","-0,74%"
"22.09.2015","6,77","6,87","6,87","6,72","94,83M","-1,17%"
"21.09.2015","6,85","6,62","6,87","6,61","118,49M","2,70%"
"18.09.2015","6,67","6,70","6,73","6,56","168,87M","-1,33%"
"17.09.2015","6,76","6,76","6,78","6,66","123,14M","0,00%"
"16.09.2015","6,76","6,67","6,81","6,61","113,34M","1,35%"
"15.09.2015","6,67","6,39","6,67","6,38","130,19M","4,38%"
"14.09.2015","6,39","6,49","6,52","6,33","106,82M","-1,39%"
"11.09.2015","6,48","6,64","6,65","6,48","110,28M","-2,11%"
"10.09.2015","6,62","6,68","6,70","6,58","135,74M","-1,63%"
"09.09.2015","6,73","6,88","6,88","6,72","87,30M","-0,74%"
"08.09.2015","6,78","6,79","6,82","6,75","71,72M","0,74%"
"07.09.2015","6,73","6,73","6,75","6,68","68,57M","-0,88%"
"04.09.2015","6,79","6,81","6,91","6,79","95,37M","-1,45%"
"03.09.2015","6,89","6,85","6,89","6,78","90,51M","1,17%"
"02.09.2015","6,81","6,87","6,91","6,78","109,47M","-0,44%"
"01.09.2015","6,84","7,00","7,01","6,81","99,41M","-2,84%"
"31.08.2015","7,04","6,96","7,06","6,95","61,37M","0,86%"
"28.08.2015","6,98","7,08","7,09","6,93","78,66M","-1,13%"
"27.08.2015","7,06","7,08","7,09","7,01","98,22M","1,73%"
"26.08.2015","6,94","6,96","7,07","6,89","120,42M","-0,86%"
"25.08.2015","7,00","6,83","7,02","6,81","112,35M","4,17%"
"24.08.2015","6,72","6,77","6,84","6,60","109,19M","-2,47%"
"21.08.2015","6,89","6,91","7,02","6,87","97,83M","-1,43%"
"20.08.2015","6,99","6,98","7,07","6,90","107,86M","-0,43%"
"19.08.2015","7,02","7,08","7,14","6,98","88,88M","0,00%"
"18.08.2015","7,02","7,20","7,23","7,02","105,24M","-2,90%"
"17.08.2015","7,23","7,21","7,31","7,12","93,05M","0,14%"
"14.08.2015","7,22","7,17","7,31","7,15","124,97M","0,14%"
"13.08.2015","7,21","7,45","7,46","7,11","162,88M","-3,09%"
"12.08.2015","7,44","7,56","7,56","7,43","80,31M","-3,25%"
"11.08.2015","7,69","7,58","7,70","7,55","97,43M","3,50%"
"10.08.2015","7,43","7,60","7,64","7,41","81,90M","-1,98%"
"07.08.2015","7,58","7,69","7,71","7,53","65,37M","-1,17%"
"06.08.2015","7,67","7,53","7,69","7,52","86,85M","2,27%"
"05.08.2015","7,50","7,51","7,60","7,47","59,67M","-0,53%"
"04.08.2015","7,54","7,68","7,71","7,49","74,19M","-0,92%"
"03.08.2015","7,61","7,81","7,83","7,60","87,13M","-2,69%"
"31.07.2015","7,82","7,55","7,82","7,52","116,99M","4,41%"
"30.07.2015","7,49","7,44","7,62","7,43","103,66M","0,00%"
"29.07.2015","7,49","7,49","7,55","7,44","71,43M","0,40%"
"28.07.2015","7,46","7,44","7,56","7,43","99,47M","0,81%"
"27.07.2015","7,40","7,63","7,67","7,38","113,56M","-2,76%"
"24.07.2015","7,61","7,49","7,71","7,47","84,28M","1,06%"
"23.07.2015","7,53","7,75","7,77","7,49","98,41M","-3,09%"
"22.07.2015","7,77","7,82","7,83","7,69","92,43M","-0,26%"
"21.07.2015","7,79","7,85","7,89","7,72","102,95M","-0,13%"
"20.07.2015","7,80","8,03","8,04","7,74","99,03M","-2,86%"
"16.07.2015","8,03","8,03","8,08","8,01","26,81M","0,37%"
"15.07.2015","8,00","8,10","8,14","7,94","69,72M","-0,87%"
"14.07.2015","8,07","8,16","8,22","8,04","68,17M","-0,74%"
"13.07.2015","8,13","8,01","8,17","7,97","90,57M","1,25%"
"10.07.2015","8,03","8,01","8,14","7,97","83,08M","1,52%"
"09.07.2015","7,91","7,77","7,93","7,77","73,07M","2,73%"
"08.07.2015","7,70","7,94","7,94","7,69","127,60M","-2,90%"
"07.07.2015","7,93","8,10","8,11","7,93","91,01M","-1,61%"
"06.07.2015","8,06","7,87","8,07","7,85","83,84M","2,41%"
"03.07.2015","7,87","7,97","8,01","7,86","53,84M","-1,13%"
"02.07.2015","7,96","7,87","7,97","7,81","100,66M","1,14%"
"01.07.2015","7,87","8,01","8,10","7,87","85,78M","-1,25%"
"30.06.2015","7,97","8,03","8,07","7,91","96,10M","-0,25%"
"29.06.2015","7,99","8,10","8,17","7,99","92,18M","-2,92%"
"26.06.2015","8,23","8,15","8,25","8,13","72,51M","0,86%"
"25.06.2015","8,16","8,29","8,35","8,13","110,55M","-1,45%"
"24.06.2015","8,28","8,17","8,30","8,13","95,79M","1,60%"
"23.06.2015","8,15","8,32","8,35","8,09","131,63M","-1,93%"
"22.06.2015","8,31","8,18","8,32","8,18","80,42M","2,34%"
"19.06.2015","8,12","8,09","8,15","8,04","73,28M","-4,13%"
"18.06.2015","8,47","8,55","8,57","8,47","64,58M","0,83%"
"17.06.2015","8,40","8,35","8,43","8,34","75,79M","1,20%"
"16.06.2015","8,30","8,21","8,39","8,18","72,61M","1,59%"
"15.06.2015","8,17","8,39","8,48","8,16","86,78M","-3,08%"
"12.06.2015","8,43","8,37","8,51","8,29","99,86M","0,72%"
"11.06.2015","8,37","8,20","8,41","8,11","113,28M","2,57%"
"10.06.2015","8,16","8,02","8,19","8,02","87,45M","2,51%"
"09.06.2015","7,96","7,90","8,02","7,84","110,79M","2,05%"
"08.06.2015","7,80","7,64","7,98","7,63","166,09M","-7,47%"
"05.06.2015","8,43","8,39","8,58","8,35","116,04M","-0,35%"
"04.06.2015","8,46","8,49","8,50","8,36","123,31M","-1,05%"
"03.06.2015","8,55","8,38","8,55","8,31","119,12M","2,27%"
"02.06.2015","8,36","8,14","8,41","8,14","127,99M","2,96%"
"01.06.2015","8,12","8,40","8,44","8,08","101,59M","-3,68%"
"29.05.2015","8,43","8,49","8,71","8,39","134,49M","-0,71%"
"28.05.2015","8,49","8,63","8,66","8,48","108,17M","-1,39%"
"27.05.2015","8,61","8,47","8,62","8,41","119,48M","2,50%"
"26.05.2015","8,40","8,50","8,64","8,39","134,32M","-1,06%"
"25.05.2015","8,49","8,69","8,69","8,48","93,37M","-2,53%"
"22.05.2015","8,71","8,91","8,92","8,66","134,01M","-2,02%"
"21.05.2015","8,89","9,12","9,26","8,86","144,65M","-2,20%"
"20.05.2015","9,09","9,25","9,28","9,05","111,09M","-2,05%"
"18.05.2015","9,28","9,06","9,28","9,05","78,21M","2,65%"
"15.05.2015","9,04","9,00","9,11","8,96","85,35M","0,78%"
"14.05.2015","8,97","8,80","9,00","8,76","107,32M","2,05%"
"13.05.2015","8,79","8,66","8,82","8,65","119,02M","1,74%"
"12.05.2015","8,64","8,64","8,66","8,55","99,22M","-0,23%"
"11.05.2015","8,66","8,58","8,76","8,58","92,52M","0,93%"
"08.05.2015","8,58","8,42","8,62","8,35","110,42M","2,02%"
"07.05.2015","8,41","8,38","8,46","8,31","87,57M","0,36%"
"06.05.2015","8,38","8,50","8,54","8,34","107,13M","-1,18%"
"05.05.2015","8,48","8,58","8,65","8,48","88,86M","-1,17%"
"04.05.2015","8,58","8,52","8,62","8,46","67,74M","0,82%"
"30.04.2015","8,51","8,80","8,83","8,51","90,39M","-3,19%"
"29.04.2015","8,79","8,77","8,89","8,72","113,16M","0,57%"
"28.04.2015","8,74","8,76","8,83","8,71","85,64M","-0,23%"
"27.04.2015","8,76","8,60","8,79","8,53","94,49M","2,58%"
"24.04.2015","8,54","8,42","8,56","8,39","103,55M","2,15%"
"22.04.2015","8,36","8,53","8,56","8,35","135,58M","-2,11%"
"21.04.2015","8,54","8,27","8,54","8,21","145,63M","2,64%"
"20.04.2015","8,32","8,50","8,51","8,30","97,26M","-1,42%"
"17.04.2015","8,44","8,47","8,52","8,34","73,24M","0,84%"
"16.04.2015","8,37","8,32","8,43","8,26","98,21M","1,82%"
"15.04.2015","8,22","8,37","8,38","8,21","105,69M","-2,38%"
"14.04.2015","8,42","8,26","8,46","8,18","119,80M","1,32%"
"13.04.2015","8,31","8,47","8,53","8,31","97,25M","-1,89%"
"10.04.2015","8,47","8,66","8,72","8,47","90,17M","-2,31%"
"09.04.2015","8,67","8,59","8,76","8,59","88,92M","0,12%"
"08.04.2015","8,66","8,60","8,68","8,55","66,96M","0,70%"
"07.04.2015","8,60","8,78","8,78","8,56","72,63M","-2,27%"
"06.04.2015","8,80","8,66","8,82","8,62","65,45M","1,85%"
"03.04.2015","8,64","8,46","8,65","8,42","65,63M","2,61%"
"02.04.2015","8,42","8,50","8,53","8,42","56,63M","-0,47%"
"01.04.2015","8,46","8,46","8,54","8,38","102,51M","0,71%"
"31.03.2015","8,40","8,72","8,78","8,40","113,54M","-3,78%"
"30.03.2015","8,73","8,45","8,73","8,41","77,08M","3,44%"
"27.03.2015","8,44","8,46","8,46","8,34","78,79M","-0,71%"
"26.03.2015","8,50","8,52","8,59","8,44","109,93M","-2,63%"
"25.03.2015","8,73","8,75","8,89","8,67","92,02M","0,34%"
"24.03.2015","8,70","9,04","9,05","8,65","122,58M","-3,55%"
"23.03.2015","9,02","8,90","9,06","8,89","71,24M","1,35%"
"20.03.2015","8,90","8,96","8,99","8,83","89,08M","-0,34%"
"19.03.2015","8,93","8,66","8,95","8,61","130,65M","5,93%"
"18.03.2015","8,43","8,52","8,52","8,31","102,78M","-0,94%"
"17.03.2015","8,51","8,31","8,51","8,26","82,52M","3,28%"
"16.03.2015","8,24","8,07","8,24","7,99","117,70M","4,17%"
"13.03.2015","7,91","8,17","8,24","7,91","134,18M","-3,06%"
"12.03.2015","8,16","8,35","8,40","8,05","134,88M","-0,37%"
"11.03.2015","8,19","8,09","8,23","7,94","143,21M","1,74%"
"10.03.2015","8,05","8,45","8,50","8,04","157,12M","-4,39%"
"09.03.2015","8,42","8,41","8,53","8,36","127,00M","1,81%"
"06.03.2015","8,27","8,47","8,64","8,24","167,71M","-2,01%"
"05.03.2015","8,44","8,62","8,63","8,27","197,39M","-2,99%"
"04.03.2015","8,70","8,96","9,01","8,67","118,82M","-3,23%"
"03.03.2015","8,99","8,92","9,06","8,87","92,48M","1,47%"
"02.03.2015","8,86","8,89","8,97","8,84","102,94M","0,23%"
"27.02.2015","8,84","9,14","9,22","8,83","139,98M","-3,07%"
"26.02.2015","9,12","9,23","9,35","9,09","113,88M","-1,62%"
"25.02.2015","9,27","9,33","9,43","9,23","87,11M","0,32%"
"24.02.2015","9,24","9,21","9,26","9,13","89,89M","0,43%"
"23.02.2015","9,20","9,06","9,24","9,03","68,04M","0,99%"
"20.02.2015","9,11","9,27","9,28","9,05","68,23M","-1,83%"
"19.02.2015","9,28","9,27","9,30","9,16","95,59M","1,53%"
"18.02.2015","9,14","9,01","9,18","8,98","79,81M","1,67%"
"17.02.2015","8,99","9,14","9,22","8,97","113,66M","-2,49%"
"16.02.2015","9,22","9,16","9,30","9,15","63,05M","1,10%"
"13.02.2015","9,12","9,20","9,22","9,11","99,05M","-0,76%"
"12.02.2015","9,19","8,82","9,20","8,82","160,65M","4,43%"
"11.02.2015","8,80","8,99","9,08","8,78","196,43M","-1,68%"
"10.02.2015","8,95","9,28","9,34","8,94","106,21M","-2,82%"
"09.02.2015","9,21","9,18","9,27","9,03","115,83M","0,11%"
"06.02.2015","9,20","9,41","9,52","9,20","79,90M","-2,34%"
"05.02.2015","9,42","9,22","9,45","9,22","137,04M","2,28%"
"04.02.2015","9,21","9,89","9,89","9,19","155,21M","-6,02%"
"03.02.2015","9,80","10,29","10,29","9,80","47,69M","-3,83%"
"02.02.2015","10,19","10,19","10,29","10,04","21,06M","0,00%"
"30.01.2015","10,19","9,99","10,24","9,89","33,64M","2,52%"
"29.01.2015","9,94","10,09","10,29","9,89","31,26M","-2,93%"
"28.01.2015","10,24","10,48","10,53","10,19","29,03M","-1,44%"
"27.01.2015","10,39","10,48","10,53","10,24","39,89M","-1,33%"
"26.01.2015","10,53","10,39","10,53","10,24","31,80M","0,86%"
"23.01.2015","10,44","10,53","10,58","10,34","42,11M","-0,38%"
"22.01.2015","10,48","10,53","10,53","10,19","51,65M","0,38%"
"21.01.2015","10,44","10,34","10,48","10,24","49,84M","1,95%"
"20.01.2015","10,24","9,84","10,24","9,84","58,25M","4,07%"
"19.01.2015","9,84","9,75","9,89","9,75","44,94M","1,13%"
"16.01.2015","9,73","9,66","9,74","9,62","59,70M","0,31%"
"15.01.2015","9,70","9,63","9,71","9,58","86,44M","1,57%"
"14.01.2015","9,55","9,37","9,57","9,37","86,22M","1,06%"
"13.01.2015","9,45","9,47","9,53","9,41","83,31M","0,21%"
"12.01.2015","9,43","9,55","9,65","9,43","89,07M","-0,74%"
"09.01.2015","9,50","9,62","9,66","9,50","85,49M","-1,14%"
"08.01.2015","9,61","9,59","9,64","9,55","58,80M","1,26%"
"07.01.2015","9,49","9,47","9,59","9,38","95,75M","0,32%"
"06.01.2015","9,46","9,45","9,47","9,30","74,84M","0,64%"
"05.01.2015","9,40","9,26","9,49","9,23","82,25M","1,51%"
"02.01.2015","9,26","9,21","9,36","9,21","34,63M","-0,11%"
"31.12.2014","9,27","9,17","9,31","9,16","34,58M","1,20%"
"30.12.2014","9,16","9,01","9,27","9,00","90,61M","1,55%"
"29.12.2014","9,02","9,16","9,17","9,00","51,69M","-1,96%"
"26.12.2014","9,20","9,22","9,26","9,20","13,88M","-0,11%"
"25.12.2014","9,21","9,24","9,25","9,20","9,78M","-0,22%"
"24.12.2014","9,23","9,21","9,27","9,19","32,35M","0,54%"
"23.12.2014","9,18","9,34","9,40","9,10","117,89M","-1,61%"
"22.12.2014","9,33","9,13","9,33","9,05","71,86M","2,41%"
"19.12.2014","9,11","9,20","9,22","8,97","90,75M","-0,33%"
"18.12.2014","9,14","8,86","9,14","8,83","109,00M","5,91%"
"17.12.2014","8,63","8,21","8,71","8,16","127,59M","5,63%"
"16.12.2014","8,17","8,76","8,88","8,11","193,08M","-7,58%"
"15.12.2014","8,84","8,84","8,92","8,76","86,08M","0,00%"
"12.12.2014","8,84","9,23","9,23","8,83","104,88M","-4,33%"
"11.12.2014","9,24","9,12","9,34","9,08","102,75M","1,65%"
"10.12.2014","9,09","9,06","9,23","9,00","83,26M","1,45%"
"09.12.2014","8,96","9,19","9,33","8,96","99,74M","-2,71%"
"08.12.2014","9,21","9,24","9,33","9,18","81,50M","-0,54%"
"05.12.2014","9,26","9,56","9,64","9,25","101,62M","-3,14%"
"04.12.2014","9,56","9,28","9,56","9,25","84,91M","2,91%"
"03.12.2014","9,29","9,16","9,37","9,16","71,02M","0,87%"
"02.12.2014","9,21","9,66","9,66","9,20","103,41M","-4,56%"
"01.12.2014","9,65","9,63","9,72","9,42","99,71M","0,31%"
"28.11.2014","9,62","9,20","9,78","9,20","107,63M","4,79%"
"27.11.2014","9,18","9,08","9,27","9,05","60,09M","1,10%"
"26.11.2014","9,08","8,79","9,08","8,76","70,46M","3,42%"
"25.11.2014","8,78","8,90","8,90","8,73","76,14M","-1,01%"
"24.11.2014","8,87","8,87","8,88","8,78","38,83M","0,00%"
"21.11.2014","8,87","8,83","8,93","8,80","58,16M","1,26%"
"20.11.2014","8,76","8,71","8,77","8,60","83,22M","0,11%"
"19.11.2014","8,75","8,86","8,99","8,73","101,29M","0,46%"
"18.11.2014","8,71","8,63","8,75","8,61","67,52M","1,28%"
"17.11.2014","8,60","8,74","8,82","8,60","82,03M","-1,60%"
"14.11.2014","8,74","8,58","8,76","8,58","68,95M","1,63%"
"13.11.2014","8,60","8,58","8,70","8,46","93,75M","0,23%"
"12.11.2014","8,58","8,27","8,58","8,27","105,50M","4,38%"
"11.11.2014","8,22","8,14","8,24","8,10","60,25M","0,98%"
"10.11.2014","8,14","8,21","8,24","8,12","65,43M","-0,12%"
"07.11.2014","8,15","8,04","8,19","8,01","82,42M","1,24%"
"06.11.2014","8,05","8,37","8,40","8,05","106,41M","-3,25%"
"05.11.2014","8,32","8,46","8,56","8,32","83,08M","-1,42%"
"04.11.2014","8,44","8,46","8,53","8,37","88,09M","0,24%"
"03.11.2014","8,42","8,53","8,57","8,42","67,96M","-1,41%"
"31.10.2014","8,54","8,61","8,64","8,54","83,44M","0,71%"
"30.10.2014","8,48","8,52","8,55","8,36","112,88M","-0,70%"
"28.10.2014","8,54","8,54","8,55","8,49","29,22M","0,47%"
"27.10.2014","8,50","8,57","8,60","8,40","89,91M","-0,23%"
"24.10.2014","8,52","8,56","8,60","8,46","89,50M","-0,58%"
"23.10.2014","8,57","8,37","8,58","8,28","109,47M","2,15%"
"22.10.2014","8,39","8,44","8,49","8,34","89,69M","-0,24%"
"21.10.2014","8,41","8,23","8,41","8,20","81,08M","2,44%"
"20.10.2014","8,21","8,22","8,28","8,16","86,78M","0,98%"
"17.10.2014","8,13","8,00","8,16","7,96","89,91M","2,14%"
"16.10.2014","7,96","8,02","8,06","7,85","125,48M","0,00%"
"15.10.2014","7,96","7,92","8,06","7,91","130,30M","1,02%"
"14.10.2014","7,88","7,96","8,08","7,80","107,75M","-1,13%"
"13.10.2014","7,97","7,69","8,00","7,65","74,38M","4,05%"
"10.10.2014","7,66","7,83","7,84","7,66","72,03M","-3,16%"
"09.10.2014","7,91","7,71","7,93","7,71","93,60M","4,22%"
"08.10.2014","7,59","7,58","7,63","7,53","67,10M","-1,30%"
"03.10.2014","7,69","7,73","7,73","7,61","20,42M","0,39%"
"02.10.2014","7,66","7,73","7,79","7,65","77,23M","-0,39%"
"01.10.2014","7,69","7,87","7,89","7,69","84,44M","-2,41%"
"30.09.2014","7,88","7,91","7,92","7,83","77,28M","0,38%"